date,2013Q3,2013Q4,2014Q1,2014Q2,2014Q3,2014Q4,2015Q1,2015Q2,2015Q3,2015Q4,2016Q1,2016Q2,2016Q3,2016Q4
2009-11-20,71.5,71.5,,,,,,,,,,,,
2009-11-23,71.5,71.5,,,,,,,,,,,,
2009-11-24,71.5,71.5,,,,,,,,,,,,
2009-11-25,71.5,71.5,,,,,,,,,,,,
2009-11-26,71.5,71.5,,,,,,,,,,,,
2009-11-27,71.5,71.5,,,,,,,,,,,,
2009-11-30,71.5,71.5,,,,,,,,,,,,
2009-12-01,71.5,71.5,,,,,,,,,,,,
2009-12-02,71.5,71.5,,,,,,,,,,,,
2009-12-03,71.5,71.5,,,,,,,,,,,,
2009-12-04,71.5,71.5,,,,,,,,,,,,
2009-12-07,101.0,71.5,,,,,,,,,,,,
2009-12-08,101.0,71.5,,,,,,,,,,,,
2009-12-09,101.0,71.5,,,,,,,,,,,,
2009-12-10,101.0,71.5,,,,,,,,,,,,
2009-12-11,101.0,71.5,,,,,,,,,,,,
2009-12-14,101.0,71.5,,,,,,,,,,,,
2009-12-15,101.0,71.5,,,,,,,,,,,,
2009-12-16,101.0,71.5,,,,,,,,,,,,
2009-12-17,101.0,71.5,,,,,,,,,,,,
2009-12-18,101.0,71.5,,,,,,,,,,,,
2009-12-21,101.0,71.5,,,,,,,,,,,,
2009-12-22,101.0,71.5,,,,,,,,,,,,
2009-12-23,101.0,71.5,,,,,,,,,,,,
2009-12-24,101.0,71.5,,,,,,,,,,,,
2009-12-29,101.0,71.5,,,,,,,,,,,,
2009-12-30,101.0,71.5,,,,,,,,,,,,
2009-12-31,101.0,71.5,,,,,,,,,,,,
2010-01-05,101.0,71.5,,,,,,,,,,,,
2010-01-06,101.0,71.5,,,,,,,,,,,,
2010-01-07,101.0,71.5,,,,,,,,,,,,
2010-01-08,101.0,71.5,,,,,,,,,,,,
2010-01-11,101.0,71.5,,,,,,,,,,,,
2010-01-12,101.0,71.5,,,,,,,,,,,,
2010-01-13,101.0,71.5,,,,,,,,,,,,
2010-01-14,101.0,71.5,,,,,,,,,,,,
2010-01-15,101.0,71.5,,,,,,,,,,,,
2010-01-18,101.0,71.5,,,,,,,,,,,,
2010-01-19,101.0,71.5,,,,,,,,,,,,
2010-01-20,101.0,71.5,,,,,,,,,,,,
2010-01-21,101.0,71.5,,,,,,,,,,,,
2010-01-22,101.0,71.5,,,,,,,,,,,,
2010-01-25,101.0,71.5,,,,,,,,,,,,
2010-01-26,101.0,71.5,,,,,,,,,,,,
2010-01-27,101.0,71.5,,,,,,,,,,,,
2010-01-28,101.0,71.5,,,,,,,,,,,,
2010-01-29,101.0,71.5,,,,,,,,,,,,
2010-02-01,101.0,71.5,,,,,,,,,,,,
2010-02-02,101.0,71.5,,,,,,,,,,,,
2010-02-03,101.0,71.5,,,,,,,,,,,,
2010-02-04,101.0,71.5,,,,,,,,,,,,
2010-02-05,101.0,71.5,,,,,,,,,,,,
2010-02-08,101.0,71.5,,,,,,,,,,,,
2010-02-09,101.0,71.5,,,,,,,,,,,,
2010-02-10,101.0,71.5,,,,,,,,,,,,
2010-02-11,101.0,71.5,,,,,,,,,,,,
2010-02-12,101.0,71.5,,,,,,,,,,,,
2010-02-15,101.0,71.5,,,,,,,,,,,,
2010-02-16,101.0,71.5,,,,,,,,,,,,
2010-02-17,101.0,71.5,,,,,,,,,,,,
2010-02-18,101.0,71.5,,,,,,,,,,,,
2010-02-19,101.0,71.5,,,,,,,,,,,,
2010-02-22,101.0,71.5,,,,,,,,,,,,
2010-02-23,101.0,71.5,,,,,,,,,,,,
2010-02-24,101.0,71.5,,,,,,,,,,,,
2010-02-25,101.0,71.5,,,,,,,,,,,,
2010-02-26,101.0,71.5,,,,,,,,,,,,
2010-03-01,101.0,71.5,,,,,,,,,,,,
2010-03-02,101.0,71.5,,,,,,,,,,,,
2010-03-03,101.0,71.5,,,,,,,,,,,,
2010-03-04,101.0,71.5,,,,,,,,,,,,
2010-03-05,101.0,71.5,,,,,,,,,,,,
2010-03-08,101.0,71.5,,,,,,,,,,,,
2010-03-09,101.0,71.5,,,,,,,,,,,,
2010-03-10,101.0,71.5,,,,,,,,,,,,
2010-03-11,101.0,71.5,,,,,,,,,,,,
2010-03-12,101.0,71.5,,,,,,,,,,,,
2010-03-15,101.0,71.5,,,,,,,,,,,,
2010-03-16,101.0,71.5,,,,,,,,,,,,
2010-03-17,101.0,71.5,,,,,,,,,,,,
2010-03-18,101.0,71.5,,,,,,,,,,,,
2010-03-19,101.0,71.5,,,,,,,,,,,,
2010-03-22,101.0,71.5,,,,,,,,,,,,
2010-03-23,101.0,71.5,,,,,,,,,,,,
2010-03-24,101.0,71.5,,,,,,,,,,,,
2010-03-25,101.0,71.5,,,,,,,,,,,,
2010-03-26,101.0,71.5,,,,,,,,,,,,
2010-03-29,101.0,71.5,,,,,,,,,,,,
2010-03-30,101.0,71.5,,,,,,,,,,,,
2010-03-31,101.0,71.5,,,,,,,,,,,,
2010-04-01,101.0,71.5,,,,,,,,,,,,
2010-04-06,101.0,71.5,,,,,,,,,,,,
2010-04-07,101.0,71.5,,,,,,,,,,,,
2010-04-08,101.0,71.5,,,,,,,,,,,,
2010-04-09,101.0,71.5,,,,,,,,,,,,
2010-04-12,101.0,71.5,,,,,,,,,,,,
2010-04-13,101.0,71.5,,,,,,,,,,,,
2010-04-14,101.0,71.5,,,,,,,,,,,,
2010-04-15,101.0,71.5,,,,,,,,,,,,
2010-04-16,101.0,71.5,,,,,,,,,,,,
2010-04-19,105.0,71.5,,,,,,,,,,,,
2010-04-20,105.0,71.5,,,,,,,,,,,,
2010-04-21,105.0,71.5,,,,,,,,,,,,
2010-04-22,105.0,71.5,,,,,,,,,,,,
2010-04-23,105.0,71.5,,,,,,,,,,,,
2010-04-26,105.0,71.5,,,,,,,,,,,,
2010-04-27,105.0,71.5,,,,,,,,,,,,
2010-04-28,105.0,71.5,,,,,,,,,,,,
2010-04-29,105.0,71.5,,,,,,,,,,,,
2010-04-30,105.0,71.5,,,,,,,,,,,,
2010-05-03,105.0,71.5,,,,,,,,,,,,
2010-05-04,105.0,71.5,,,,,,,,,,,,
2010-05-05,105.0,71.5,,,,,,,,,,,,
2010-05-06,105.0,71.5,,,,,,,,,,,,
2010-05-07,105.0,71.5,,,,,,,,,,,,
2010-05-10,105.0,71.5,,,,,,,,,,,,
2010-05-11,105.0,71.5,,,,,,,,,,,,
2010-05-12,105.0,71.5,,,,,,,,,,,,
2010-05-13,105.0,71.5,,,,,,,,,,,,
2010-05-14,105.0,71.5,,,,,,,,,,,,
2010-05-17,105.0,71.5,,,,,,,,,,,,
2010-05-18,105.0,71.5,,,,,,,,,,,,
2010-05-19,105.0,71.5,,,,,,,,,,,,
2010-05-20,105.0,71.5,,,,,,,,,,,,
2010-05-21,105.0,71.5,,,,,,,,,,,,
2010-05-24,105.0,71.5,,,,,,,,,,,,
2010-05-25,105.0,71.5,,,,,,,,,,,,
2010-05-26,105.0,71.5,,,,,,,,,,,,
2010-05-27,105.0,71.5,,,,,,,,,,,,
2010-05-28,105.0,71.5,,,,,,,,,,,,
2010-05-31,105.0,71.5,,,,,,,,,,,,
2010-06-01,105.0,71.5,,,,,,,,,,,,
2010-06-02,105.0,71.5,,,,,,,,,,,,
2010-06-03,105.0,71.5,,,,,,,,,,,,
2010-06-04,105.0,71.5,,,,,,,,,,,,
2010-06-07,105.0,71.5,,,,,,,,,,,,
2010-06-08,105.0,71.5,,,,,,,,,,,,
2010-06-09,105.0,71.5,,,,,,,,,,,,
2010-06-10,105.0,71.5,,,,,,,,,,,,
2010-06-11,105.0,71.5,,,,,,,,,,,,
2010-06-14,105.0,71.5,,,,,,,,,,,,
2010-06-15,103.95,71.5,,,,,,,,,,,,
2010-06-16,103.95,71.5,,,,,,,,,,,,
2010-06-17,103.95,71.5,,,,,,,,,,,,
2010-06-18,103.95,71.5,,,,,,,,,,,,
2010-06-21,103.95,71.5,,,,,,,,,,,,
2010-06-22,103.95,71.5,,,,,,,,,,,,
2010-06-23,103.95,71.5,,,,,,,,,,,,
2010-06-24,103.95,71.5,,,,,,,,,,,,
2010-06-25,103.95,71.5,,,,,,,,,,,,
2010-06-28,103.95,71.5,,,,,,,,,,,,
2010-06-29,103.95,71.5,,,,,,,,,,,,
2010-06-30,103.95,71.5,,,,,,,,,,,,
2010-07-01,103.95,71.5,,,,,,,,,,,,
2010-07-02,103.95,71.5,,,,,,,,,,,,
2010-07-05,103.95,71.5,,,,,,,,,,,,
2010-07-06,103.95,71.5,,,,,,,,,,,,
2010-07-07,103.95,71.5,,,,,,,,,,,,
2010-07-08,103.95,71.5,,,,,,,,,,,,
2010-07-09,103.95,71.5,,,,,,,,,,,,
2010-07-12,103.95,71.5,,,,,,,,,,,,
2010-07-13,103.95,71.5,,,,,,,,,,,,
2010-07-14,103.95,71.5,,,,,,,,,,,,
2010-07-15,103.95,71.5,,,,,,,,,,,,
2010-07-16,103.95,71.5,,,,,,,,,,,,
2010-07-19,103.95,71.5,,,,,,,,,,,,
2010-07-20,103.95,70.0,,,,,,,,,,,,
2010-07-21,103.95,70.0,,,,,,,,,,,,
2010-07-22,103.95,70.0,,,,,,,,,,,,
2010-07-23,107.5,70.0,,,,,,,,,,,,
2010-07-26,107.5,70.0,,,,,,,,,,,,
2010-07-27,107.5,70.0,,,,,,,,,,,,
2010-07-28,107.5,70.0,,,,,,,,,,,,
2010-07-29,107.5,70.0,,,,,,,,,,,,
2010-07-30,107.5,70.0,,,,,,,,,,,,
2010-08-02,107.5,70.0,,,,,,,,,,,,
2010-08-03,107.5,70.0,,,,,,,,,,,,
2010-08-04,105.0,70.0,,,,,,,,,,,,
2010-08-05,105.0,70.0,,,,,,,,,,,,
2010-08-06,105.0,70.0,,,,,,,,,,,,
2010-08-09,105.0,70.0,,,,,,,,,,,,
2010-08-10,105.0,70.0,,,,,,,,,,,,
2010-08-11,105.0,70.0,,,,,,,,,,,,
2010-08-12,105.0,70.0,,,,,,,,,,,,
2010-08-13,105.0,70.0,,,,,,,,,,,,
2010-08-16,105.0,70.0,,,,,,,,,,,,
2010-08-17,105.0,70.0,,,,,,,,,,,,
2010-08-18,105.0,70.0,,,,,,,,,,,,
2010-08-19,105.0,70.0,,,,,,,,,,,,
2010-08-20,105.0,70.0,,,,,,,,,,,,
2010-08-23,105.0,70.0,,,,,,,,,,,,
2010-08-24,105.0,70.0,,,,,,,,,,,,
2010-08-25,105.0,70.0,,,,,,,,,,,,
2010-08-26,105.25,65.0,,,,,,,,,,,,
2010-08-27,105.25,65.0,,,,,,,,,,,,
2010-08-30,105.25,65.0,,,,,,,,,,,,
2010-08-31,105.25,65.0,,,,,,,,,,,,
2010-09-01,105.25,65.0,,,,,,,,,,,,
2010-09-02,101.0,62.0,,,,,,,,,,,,
2010-09-03,105.0,62.0,,,,,,,,,,,,
2010-09-06,106.7,62.0,,,,,,,,,,,,
2010-09-07,106.7,62.0,,,,,,,,,,,,
2010-09-08,106.0,62.0,,,,,,,,,,,,
2010-09-09,105.0,62.0,,,,,,,,,,,,
2010-09-10,105.0,62.0,,,,,,,,,,,,
2010-09-13,105.0,62.0,,,,,,,,,,,,
2010-09-14,105.0,62.0,,,,,,,,,,,,
2010-09-15,105.0,63.2,,,,,,,,,,,,
2010-09-16,105.0,63.2,,,,,,,,,,,,
2010-09-17,105.0,63.2,,,,,,,,,,,,
2010-09-20,105.5,63.2,,,,,,,,,,,,
2010-09-21,103.0,63.2,,,,,,,,,,,,
2010-09-22,103.0,63.2,,,,,,,,,,,,
2010-09-23,103.0,63.2,,,,,,,,,,,,
2010-09-24,103.0,63.2,,,,,,,,,,,,
2010-09-27,102.85,63.2,,,,,,,,,,,,
2010-09-28,102.85,63.2,,,,,,,,,,,,
2010-09-29,102.85,63.2,,,,,,,,,,,,
2010-09-30,102.85,66.85,,,,,,,,,,,,
2010-10-01,102.85,68.0,63.2,63.2,63.2,63.2,,,,,,,,
2010-10-04,102.85,68.0,63.2,63.2,63.2,63.2,,,,,,,,
2010-10-05,105.0,68.0,63.2,63.2,63.2,63.2,,,,,,,,
2010-10-06,105.0,68.0,63.2,63.2,63.2,63.2,,,,,,,,
2010-10-07,105.0,68.0,63.2,63.2,63.2,63.2,,,,,,,,
2010-10-08,105.0,69.5,63.2,63.2,63.2,63.2,,,,,,,,
2010-10-11,105.0,69.5,63.2,63.2,63.2,63.2,,,,,,,,
2010-10-12,105.0,69.5,63.2,63.2,63.2,63.2,,,,,,,,
2010-10-13,105.0,69.5,63.2,63.2,63.2,63.2,,,,,,,,
2010-10-14,105.0,69.5,63.2,63.2,63.2,63.2,,,,,,,,
2010-10-15,104.0,73.0,63.2,63.2,63.2,63.2,,,,,,,,
2010-10-18,97.0,73.0,63.2,63.2,63.2,63.2,,,,,,,,
2010-10-19,104.0,73.0,63.2,63.2,63.2,63.2,,,,,,,,
2010-10-20,102.0,73.0,63.2,63.2,63.2,63.2,,,,,,,,
2010-10-21,102.0,69.5,63.2,63.2,63.2,63.2,,,,,,,,
2010-10-22,102.0,69.5,63.2,63.2,63.2,63.2,,,,,,,,
2010-10-25,102.0,69.5,63.2,63.2,63.2,63.2,,,,,,,,
2010-10-26,102.0,69.5,63.2,63.2,63.2,63.2,,,,,,,,
2010-10-27,102.0,69.5,63.2,63.2,63.2,63.2,,,,,,,,
2010-10-28,100.0,69.5,63.2,63.2,63.2,63.2,,,,,,,,
2010-10-29,95.0,69.5,63.2,63.2,63.2,63.2,,,,,,,,
2010-11-01,95.0,69.5,63.2,63.2,63.2,63.2,,,,,,,,
2010-11-02,96.0,69.5,63.2,63.2,63.2,63.2,,,,,,,,
2010-11-03,95.0,69.5,63.2,63.2,63.2,63.2,,,,,,,,
2010-11-04,101.2,69.5,63.2,63.2,63.2,63.2,,,,,,,,
2010-11-05,101.2,69.5,63.2,63.2,63.2,63.2,,,,,,,,
2010-11-08,99.0,69.5,63.2,63.2,63.2,63.2,,,,,,,,
2010-11-09,99.0,69.5,72.0,63.2,63.2,63.2,,,,,,,,
2010-11-10,99.0,69.5,72.0,63.2,63.2,63.2,,,,,,,,
2010-11-11,99.0,69.5,72.0,80.0,80.0,63.2,,,,,,,,
2010-11-12,99.0,69.5,72.0,80.0,80.0,63.2,,,,,,,,
2010-11-15,99.0,69.5,77.4,80.0,80.0,72.0,,,,,,,,
2010-11-16,99.0,69.5,77.4,100.0,100.0,72.0,,,,,,,,
2010-11-17,99.0,69.5,77.4,100.0,100.0,72.0,,,,,,,,
2010-11-18,99.0,69.5,77.4,100.0,100.0,72.0,,,,,,,,
2010-11-19,99.0,69.5,77.4,100.0,100.0,72.0,,,,,,,,
2010-11-22,99.0,69.5,77.4,100.0,100.0,72.0,,,,,,,,
2010-11-23,99.0,69.5,77.4,100.0,100.0,72.0,,,,,,,,
2010-11-24,98.0,69.5,77.4,100.0,100.0,72.0,,,,,,,,
2010-11-25,98.0,69.5,77.4,100.0,100.0,72.0,,,,,,,,
2010-11-26,98.0,69.5,77.4,100.0,100.0,72.0,,,,,,,,
2010-11-29,98.0,69.5,77.4,100.0,100.0,72.0,,,,,,,,
2010-11-30,98.0,69.5,77.4,100.0,100.0,72.0,,,,,,,,
2010-12-01,98.0,69.5,77.4,100.0,100.0,71.0,,,,,,,,
2010-12-02,98.0,69.5,77.4,100.0,100.0,71.0,,,,,,,,
2010-12-03,98.0,69.5,77.4,104.0,104.0,71.0,,,,,,,,
2010-12-06,98.0,69.5,77.4,104.0,104.0,70.0,,,,,,,,
2010-12-07,98.0,69.5,77.4,104.0,104.0,70.0,,,,,,,,
2010-12-08,98.0,69.5,77.4,104.0,104.0,70.0,,,,,,,,
2010-12-09,98.0,69.5,77.4,104.0,104.0,70.0,,,,,,,,
2010-12-10,98.0,69.5,77.4,104.0,104.0,70.0,,,,,,,,
2010-12-13,98.0,69.5,77.4,104.0,104.0,70.0,,,,,,,,
2010-12-14,98.0,69.5,77.4,104.0,104.0,70.0,,,,,,,,
2010-12-15,98.0,69.5,77.4,104.0,104.0,70.0,,,,,,,,
2010-12-16,98.0,69.5,77.4,104.0,104.0,70.0,,,,,,,,
2010-12-17,98.0,69.5,77.4,104.1,104.1,70.0,,,,,,,,
2010-12-20,98.0,69.5,77.4,99.1,104.1,70.0,,,,,,,,
2010-12-21,98.0,69.5,77.4,100.1,104.1,70.0,,,,,,,,
2010-12-22,98.0,69.5,77.4,100.1,104.1,70.0,,,,,,,,
2010-12-23,98.0,69.5,77.4,100.1,104.1,70.0,,,,,,,,
2010-12-24,98.0,69.5,77.4,100.1,104.1,70.0,,,,,,,,
2010-12-29,98.0,69.5,77.4,100.1,104.1,70.0,,,,,,,,
2010-12-30,98.0,69.5,77.4,100.1,104.1,70.0,,,,,,,,
2010-12-31,98.0,69.5,77.4,100.1,104.1,70.0,,,,,,,,
2011-01-05,98.0,69.5,77.4,100.1,104.1,70.0,,,,,,,,
2011-01-06,98.0,69.5,77.4,100.1,104.1,70.0,,,,,,,,
2011-01-07,98.0,69.5,77.4,100.1,104.1,70.0,,,,,,,,
2011-01-10,98.2,69.5,77.4,100.1,104.1,70.0,,,,,,,,
2011-01-11,98.2,69.5,77.4,113.3,110.0,70.0,,,,,,,,
2011-01-12,98.2,69.5,77.4,113.3,110.0,70.0,,,,,,,,
2011-01-13,98.2,69.5,77.4,114.0,114.0,70.0,,,,,,,,
2011-01-14,98.2,69.5,77.4,114.0,114.0,70.0,,,,,,,,
2011-01-17,98.2,69.5,77.4,114.0,114.0,70.0,,,,,,,,
2011-01-18,98.2,69.5,77.4,113.0,113.0,70.0,,,,,,,,
2011-01-19,98.2,69.5,77.4,112.0,112.0,70.0,,,,,,,,
2011-01-20,98.2,69.5,77.4,112.0,112.0,70.0,,,,,,,,
2011-01-21,98.2,69.5,77.4,112.0,112.0,70.0,,,,,,,,
2011-01-24,98.2,69.5,77.4,112.0,112.0,70.0,,,,,,,,
2011-01-25,98.2,69.5,77.4,112.0,112.0,70.0,,,,,,,,
2011-01-26,98.2,69.5,77.4,112.0,112.0,70.0,,,,,,,,
2011-01-27,98.2,69.5,77.4,112.0,112.0,70.0,,,,,,,,
2011-01-28,98.2,69.5,77.4,112.0,112.0,70.0,,,,,,,,
2011-01-31,98.2,69.5,77.4,112.0,112.0,70.0,,,,,,,,
2011-02-01,98.2,69.5,77.4,112.0,110.0,70.0,,,,,,,,
2011-02-02,98.2,69.5,77.4,112.0,110.0,70.0,,,,,,,,
2011-02-03,98.2,69.5,77.4,112.0,110.0,70.0,,,,,,,,
2011-02-04,98.2,69.5,77.4,112.0,110.0,70.0,,,,,,,,
2011-02-07,98.2,69.5,77.4,112.0,110.0,70.0,,,,,,,,
2011-02-08,98.2,69.5,77.4,112.0,110.0,70.0,,,,,,,,
2011-02-09,98.2,69.5,77.4,112.0,110.0,70.0,,,,,,,,
2011-02-10,98.2,69.5,77.4,112.0,110.0,70.0,,,,,,,,
2011-02-11,98.2,69.5,77.4,112.0,110.0,70.0,,,,,,,,
2011-02-14,98.2,69.5,77.4,112.0,110.0,70.0,,,,,,,,
2011-02-15,98.2,69.5,77.4,112.0,110.0,70.0,,,,,,,,
2011-02-16,102.0,69.5,77.4,112.0,110.0,70.0,,,,,,,,
2011-02-17,102.0,69.5,77.4,112.0,110.0,70.0,,,,,,,,
2011-02-18,102.0,69.5,77.4,112.0,110.0,70.0,,,,,,,,
2011-02-21,102.0,69.5,77.4,112.0,110.0,70.0,,,,,,,,
2011-02-22,102.0,69.5,77.4,112.0,110.0,70.0,,,,,,,,
2011-02-23,102.0,69.5,77.4,112.0,110.0,70.0,,,,,,,,
2011-02-24,102.0,69.5,77.4,112.0,110.0,70.0,,,,,,,,
2011-02-25,102.0,69.5,77.4,112.0,110.0,70.0,,,,,,,,
2011-02-28,102.0,69.5,77.4,112.0,110.0,70.0,,,,,,,,
2011-03-01,102.0,69.0,77.4,112.0,110.0,69.0,,,,,,,,
2011-03-02,102.0,69.0,77.4,112.0,110.0,69.0,,,,,,,,
2011-03-03,102.0,69.0,77.4,112.0,110.0,69.0,,,,,,,,
2011-03-04,102.0,69.0,77.4,112.0,110.0,69.0,,,,,,,,
2011-03-07,102.0,69.0,77.4,112.0,110.0,69.0,,,,,,,,
2011-03-08,102.0,69.0,77.4,112.0,110.0,69.0,,,,,,,,
2011-03-09,102.0,69.0,77.4,112.0,110.0,69.0,,,,,,,,
2011-03-10,102.0,69.0,77.4,112.0,110.0,69.0,,,,,,,,
2011-03-11,102.0,69.0,77.4,112.0,110.0,69.0,,,,,,,,
2011-03-14,102.0,69.0,77.4,112.0,110.0,69.0,,,,,,,,
2011-03-15,102.0,69.0,77.4,112.0,110.0,69.0,,,,,,,,
2011-03-16,102.0,69.0,77.4,112.0,110.0,69.0,,,,,,,,
2011-03-17,102.0,69.0,77.4,112.0,110.0,69.0,,,,,,,,
2011-03-18,102.0,69.0,77.4,112.0,110.0,69.0,,,,,,,,
2011-03-21,102.0,69.0,77.4,112.0,110.0,69.0,,,,,,,,
2011-03-22,102.0,68.2,77.4,112.0,110.0,69.0,,,,,,,,
2011-03-23,102.0,68.2,77.4,112.0,110.0,69.0,,,,,,,,
2011-03-24,102.0,68.2,77.4,112.0,110.0,69.0,,,,,,,,
2011-03-25,102.0,68.2,77.4,112.0,110.0,69.0,,,,,,,,
2011-03-28,102.0,68.2,77.4,112.0,110.0,69.0,,,,,,,,
2011-03-29,102.0,68.2,77.4,112.0,110.0,69.0,,,,,,,,
2011-03-30,102.0,68.2,77.4,112.0,110.0,69.0,,,,,,,,
2011-03-31,102.0,68.2,77.4,112.0,110.0,69.0,,,,,,,,
2011-04-01,102.0,68.2,77.4,112.0,110.0,69.0,,,,,,,,
2011-04-04,102.0,68.2,77.4,112.0,110.0,69.0,,,,,,,,
2011-04-05,102.0,68.2,77.4,112.0,110.0,69.0,,,,,,,,
2011-04-06,102.0,68.2,77.4,112.0,110.0,69.0,,,,,,,,
2011-04-07,102.0,68.2,77.4,112.0,110.0,69.0,,,,,,,,
2011-04-08,102.0,68.2,77.4,112.0,110.0,69.0,,,,,,,,
2011-04-11,102.0,68.2,77.4,112.0,110.0,69.0,,,,,,,,
2011-04-12,102.0,68.2,77.4,112.0,110.0,69.0,,,,,,,,
2011-04-13,102.0,68.2,77.4,112.0,110.0,69.0,,,,,,,,
2011-04-14,102.0,68.2,78.0,112.0,110.0,69.0,,,,,,,,
2011-04-15,102.0,68.2,78.0,112.0,110.0,69.0,,,,,,,,
2011-04-18,102.0,68.2,78.0,112.0,110.0,69.0,,,,,,,,
2011-04-19,102.0,68.2,78.0,112.0,110.0,69.0,,,,,,,,
2011-04-20,102.0,68.2,78.0,112.0,110.0,69.0,,,,,,,,
2011-04-21,102.0,68.2,78.0,112.0,110.0,69.0,,,,,,,,
2011-04-26,108.0,68.2,78.1,112.0,110.0,69.0,,,,,,,,
2011-04-27,108.0,68.2,78.1,112.0,110.0,69.0,,,,,,,,
2011-04-28,108.0,68.2,78.1,112.0,110.0,69.0,,,,,,,,
2011-04-29,108.0,68.2,78.1,112.0,110.0,69.0,,,,,,,,
2011-05-02,108.0,68.2,85.8,112.0,110.0,70.0,,,,,,,,
2011-05-03,108.0,68.2,85.8,112.0,110.0,70.0,,,,,,,,
2011-05-04,108.0,68.2,85.8,112.0,110.0,70.0,,,,,,,,
2011-05-05,108.0,68.2,85.8,112.0,110.0,70.0,,,,,,,,
2011-05-06,108.0,68.2,85.8,112.0,110.0,70.0,,,,,,,,
2011-05-09,108.0,68.2,82.0,112.0,110.0,70.0,,,,,,,,
2011-05-10,108.0,68.2,82.0,112.0,110.0,70.0,,,,,,,,
2011-05-11,108.0,68.2,82.0,112.0,110.0,70.0,,,,,,,,
2011-05-12,98.0,68.2,82.0,112.0,110.0,70.0,,,,,,,,
2011-05-13,98.0,68.2,82.0,112.0,110.0,70.0,,,,,,,,
2011-05-16,98.0,68.2,82.0,112.0,110.0,70.0,,,,,,,,
2011-05-17,98.0,68.2,82.0,112.0,110.0,70.0,,,,,,,,
2011-05-18,98.0,68.2,82.0,112.0,110.0,70.0,,,,,,,,
2011-05-19,98.0,68.2,82.0,112.0,110.0,70.0,,,,,,,,
2011-05-20,101.0,68.2,82.0,112.0,110.0,70.0,,,,,,,,
2011-05-23,101.0,68.2,82.0,112.0,110.0,70.0,,,,,,,,
2011-05-24,101.0,68.2,82.0,112.0,110.0,70.0,,,,,,,,
2011-05-25,101.0,68.2,82.0,112.0,110.0,70.0,,,,,,,,
2011-05-26,101.0,68.2,82.0,112.0,110.0,70.0,,,,,,,,
2011-05-27,101.0,68.2,82.0,112.0,110.0,70.0,,,,,,,,
2011-05-30,101.0,68.2,82.0,112.0,110.0,70.0,,,,,,,,
2011-05-31,101.0,68.2,82.0,112.0,110.0,70.0,,,,,,,,
2011-06-01,101.0,68.2,82.0,112.0,110.0,70.0,,,,,,,,
2011-06-02,101.0,68.2,82.0,112.0,110.0,70.0,,,,,,,,
2011-06-03,101.0,68.2,82.0,112.0,110.0,70.0,,,,,,,,
2011-06-06,101.0,68.2,82.0,112.0,110.0,70.0,,,,,,,,
2011-06-07,101.0,68.2,82.0,112.0,110.0,70.0,,,,,,,,
2011-06-08,101.0,68.2,82.0,112.0,110.0,70.0,,,,,,,,
2011-06-09,101.0,68.2,82.0,112.0,110.0,70.0,,,,,,,,
2011-06-10,101.0,68.2,82.0,112.0,110.0,70.0,,,,,,,,
2011-06-13,101.0,68.2,82.0,112.0,110.0,70.0,,,,,,,,
2011-06-14,101.0,68.2,82.0,112.0,110.0,70.0,,,,,,,,
2011-06-15,101.0,68.2,82.0,112.0,110.0,70.0,,,,,,,,
2011-06-16,101.0,68.2,82.0,112.0,110.0,70.0,,,,,,,,
2011-06-17,101.0,68.2,82.0,112.0,110.0,70.0,,,,,,,,
2011-06-20,101.0,68.2,82.0,112.0,110.0,70.0,,,,,,,,
2011-06-21,101.0,68.2,82.0,112.0,110.0,70.0,,,,,,,,
2011-06-22,101.0,68.2,82.0,112.0,110.0,70.0,,,,,,,,
2011-06-23,101.0,68.2,82.0,112.0,110.0,70.0,,,,,,,,
2011-06-24,101.0,68.2,82.0,112.0,110.0,70.0,,,,,,,,
2011-06-27,101.0,68.2,82.0,112.0,110.0,70.0,,,,,,,,
2011-06-28,101.0,68.2,82.0,112.0,110.0,70.0,,,,,,,,
2011-06-29,101.0,68.2,82.0,112.0,110.0,70.0,,,,,,,,
2011-06-30,101.0,68.2,82.0,112.0,110.0,70.0,,,,,,,,
2011-07-01,101.0,68.2,81.0,112.0,110.0,70.0,,,,,,,,
2011-07-04,101.0,68.2,80.9,112.0,110.0,70.0,,,,,,,,
2011-07-05,101.0,68.2,80.9,112.0,110.0,70.0,,,,,,,,
2011-07-06,101.0,68.2,80.9,112.0,110.0,70.0,,,,,,,,
2011-07-07,101.0,68.2,80.9,112.0,110.0,70.0,,,,,,,,
2011-07-08,101.0,68.2,80.9,112.0,110.0,70.0,,,,,,,,
2011-07-11,101.0,68.2,80.9,112.0,110.0,70.0,,,,,,,,
2011-07-12,101.0,68.2,80.9,112.0,110.0,70.0,,,,,,,,
2011-07-13,101.0,68.2,80.9,112.0,110.0,70.0,,,,,,,,
2011-07-14,101.0,68.2,80.9,112.0,110.0,70.0,,,,,,,,
2011-07-15,101.0,68.2,80.9,112.0,110.0,70.0,,,,,,,,
2011-07-18,101.0,68.2,80.8,112.0,110.0,70.0,,,,,,,,
2011-07-19,101.0,68.2,80.8,112.0,110.0,70.0,,,,,,,,
2011-07-20,101.0,68.2,80.8,112.0,110.0,70.0,,,,,,,,
2011-07-21,101.0,68.2,80.8,112.0,110.0,70.0,,,,,,,,
2011-07-22,101.0,68.2,80.8,112.0,110.0,70.0,,,,,,,,
2011-07-25,101.0,68.2,80.8,112.0,110.0,70.0,,,,,,,,
2011-07-26,101.0,68.2,80.0,112.0,110.0,67.1,,,,,,,,
2011-07-27,101.0,68.2,79.9,112.0,110.0,67.1,,,,,,,,
2011-07-28,101.0,68.2,79.9,112.0,110.0,67.1,,,,,,,,
2011-07-29,101.0,68.2,79.9,112.0,110.0,67.1,,,,,,,,
2011-08-01,101.0,68.2,79.9,112.0,110.0,67.1,,,,,,,,
2011-08-02,101.0,68.2,79.9,112.0,110.0,67.1,,,,,,,,
2011-08-03,101.0,68.2,79.9,112.0,110.0,67.1,,,,,,,,
2011-08-04,101.0,68.2,79.9,112.0,110.0,67.1,,,,,,,,
2011-08-05,101.0,68.2,79.9,112.0,110.0,67.1,,,,,,,,
2011-08-08,101.0,68.2,79.9,112.0,110.0,66.0,,,,,,,,
2011-08-09,101.0,68.2,79.9,112.0,110.0,66.0,,,,,,,,
2011-08-10,101.0,68.2,79.9,112.0,110.0,66.0,,,,,,,,
2011-08-11,101.0,68.2,79.9,112.0,110.0,66.0,,,,,,,,
2011-08-12,101.0,68.2,79.9,112.0,110.0,66.0,,,,,,,,
2011-08-15,101.0,68.2,79.9,112.0,110.0,66.0,,,,,,,,
2011-08-16,101.0,68.2,79.9,112.0,110.0,66.0,,,,,,,,
2011-08-17,101.0,68.2,79.9,112.0,110.0,66.0,,,,,,,,
2011-08-18,101.0,68.2,79.9,112.0,110.0,66.0,,,,,,,,
2011-08-19,101.0,68.2,79.9,112.0,110.0,66.0,,,,,,,,
2011-08-22,101.0,68.2,79.9,112.0,110.0,66.0,,,,,,,,
2011-08-23,101.0,68.2,79.9,112.0,110.0,66.0,,,,,,,,
2011-08-24,101.0,68.2,79.9,112.0,110.0,66.0,,,,,,,,
2011-08-25,101.0,68.2,79.9,112.0,110.0,66.0,,,,,,,,
2011-08-26,101.0,68.2,79.9,112.0,110.0,66.0,,,,,,,,
2011-08-29,101.0,68.2,79.9,112.0,110.0,66.0,,,,,,,,
2011-08-30,101.0,68.2,79.9,112.0,110.0,66.0,,,,,,,,
2011-08-31,101.0,68.2,79.9,112.0,110.0,66.0,,,,,,,,
2011-09-01,101.0,68.2,79.9,112.0,110.0,66.0,,,,,,,,
2011-09-02,101.0,68.2,79.9,112.0,110.0,66.0,,,,,,,,
2011-09-05,101.0,68.2,79.9,112.0,110.0,66.0,,,,,,,,
2011-09-06,101.0,68.2,78.0,112.0,110.0,66.0,,,,,,,,
2011-09-07,101.0,68.2,78.0,112.0,110.0,66.0,,,,,,,,
2011-09-08,101.0,68.2,78.0,112.0,110.0,66.0,,,,,,,,
2011-09-09,101.0,68.2,78.0,112.0,110.0,66.0,,,,,,,,
2011-09-12,101.0,68.2,78.0,112.0,110.0,66.0,,,,,,,,
2011-09-13,101.0,68.2,78.0,112.0,110.0,66.0,,,,,,,,
2011-09-14,101.0,68.2,78.0,112.0,110.0,66.0,,,,,,,,
2011-09-15,101.0,68.2,78.0,112.0,110.0,66.0,,,,,,,,
2011-09-16,101.0,68.2,78.0,112.0,110.0,66.0,,,,,,,,
2011-09-19,101.0,68.2,78.0,112.0,110.0,66.0,,,,,,,,
2011-09-20,101.0,68.2,78.0,112.0,110.0,66.0,,,,,,,,
2011-09-21,101.0,68.2,78.0,112.0,110.0,66.0,,,,,,,,
2011-09-22,101.0,68.2,78.0,112.0,110.0,66.0,,,,,,,,
2011-09-23,101.0,68.2,78.0,112.0,110.0,66.0,,,,,,,,
2011-09-26,101.0,68.2,78.0,112.0,110.0,66.0,,,,,,,,
2011-09-27,101.0,68.2,78.0,112.0,110.0,66.0,,,,,,,,
2011-09-28,101.0,68.2,78.0,112.0,110.0,66.0,,,,,,,,
2011-09-29,101.0,68.2,78.0,112.0,110.0,66.0,,,,,,,,
2011-09-30,101.0,68.2,78.0,112.0,110.0,66.0,,,,,,,,
2011-10-03,101.0,68.15,77.9,112.0,110.0,66.0,77.9,112.0,110.0,66.0,,,,
2011-10-04,101.0,68.15,77.7,112.0,110.0,66.0,77.9,112.0,110.0,66.0,,,,
2011-10-05,101.0,68.15,77.7,112.0,110.0,66.8,77.9,112.0,110.0,66.0,,,,
2011-10-06,101.0,68.15,77.7,112.0,110.0,66.8,77.9,112.0,110.0,66.0,,,,
2011-10-07,101.0,68.15,77.7,112.0,110.0,66.8,77.9,112.0,110.0,66.0,,,,
2011-10-10,101.0,68.15,77.7,112.0,110.0,66.8,77.9,112.0,110.0,66.0,,,,
2011-10-11,101.0,68.15,77.7,112.0,110.0,66.8,77.9,112.0,110.0,66.0,,,,
2011-10-12,101.0,68.15,77.7,112.0,110.0,66.8,77.9,112.0,110.0,66.0,,,,
2011-10-13,101.0,68.15,77.7,112.0,110.0,66.8,77.9,112.0,110.0,66.0,,,,
2011-10-14,101.0,68.15,77.7,112.0,110.0,66.8,77.9,112.0,110.0,66.0,,,,
2011-10-17,101.0,68.15,77.7,112.0,110.0,66.8,77.9,112.0,110.0,66.0,,,,
2011-10-18,101.0,68.15,77.7,112.0,110.0,66.8,77.9,112.0,110.0,66.0,,,,
2011-10-19,101.0,68.15,77.7,112.0,110.0,66.8,77.9,112.0,110.0,66.0,,,,
2011-10-20,101.0,68.15,77.7,112.0,110.0,66.0,77.9,112.0,110.0,66.0,,,,
2011-10-21,101.0,68.15,77.7,112.0,110.0,66.0,77.9,112.0,110.0,66.0,,,,
2011-10-24,101.0,68.15,77.7,112.0,110.0,66.0,77.9,112.0,110.0,66.0,,,,
2011-10-25,101.0,68.15,77.7,112.0,110.0,66.0,77.9,112.0,110.0,66.0,,,,
2011-10-26,101.0,68.15,75.25,112.0,110.0,66.0,77.9,112.0,110.0,66.0,,,,
2011-10-27,101.0,68.15,75.25,112.0,110.0,66.0,70.0,112.0,110.0,65.0,,,,
2011-10-28,101.0,68.15,75.25,112.0,110.0,66.0,70.0,112.0,110.0,65.0,,,,
2011-10-31,101.0,68.15,75.25,112.0,110.0,66.0,70.0,112.0,110.0,65.0,,,,
2011-11-01,101.0,68.15,75.25,112.0,110.0,66.0,70.0,112.0,110.0,65.0,,,,
2011-11-02,101.0,68.15,75.25,109.05,107.15,66.0,70.0,112.0,110.0,65.0,,,,
2011-11-03,101.0,68.15,75.25,108.0,107.15,66.0,70.0,112.0,110.0,65.0,,,,
2011-11-04,101.0,68.15,75.25,108.0,107.15,66.0,70.0,112.0,110.0,65.0,,,,
2011-11-07,101.0,68.15,75.25,107.15,107.15,66.0,70.0,112.0,110.0,65.0,,,,
2011-11-08,101.0,68.15,75.25,107.15,107.15,66.0,70.0,112.0,110.0,65.0,,,,
2011-11-09,101.0,68.15,75.25,106.2,107.15,66.0,70.0,112.0,110.0,65.0,,,,
2011-11-10,101.0,68.15,75.25,106.2,107.15,66.0,70.0,112.0,110.0,65.0,,,,
2011-11-11,101.0,68.15,75.25,106.2,107.15,66.0,70.0,112.0,110.0,65.0,,,,
2011-11-14,101.0,68.15,75.25,106.2,107.15,66.0,70.0,112.0,110.0,65.0,,,,
2011-11-15,101.0,68.15,75.25,106.2,107.15,66.0,70.0,112.0,110.0,65.0,,,,
2011-11-16,101.0,68.15,75.25,106.2,107.15,66.0,70.0,112.0,110.0,65.0,,,,
2011-11-17,101.0,68.15,75.25,106.2,107.15,66.0,70.0,112.0,110.0,65.0,,,,
2011-11-18,101.0,68.15,75.25,106.2,107.15,66.0,70.0,112.0,110.0,65.0,,,,
2011-11-21,101.0,68.15,75.25,106.2,107.15,66.0,70.0,112.0,110.0,65.0,,,,
2011-11-22,101.0,68.15,75.25,106.2,107.15,66.0,70.0,112.0,110.0,65.0,,,,
2011-11-23,101.0,68.15,75.25,106.2,107.15,66.0,70.0,112.0,110.0,65.0,,,,
2011-11-24,101.0,68.15,75.25,106.2,107.15,66.0,70.0,112.0,110.0,65.0,,,,
2011-11-25,101.0,68.15,75.25,110.0,108.0,66.0,70.0,112.0,110.0,65.0,,,,
2011-11-28,101.0,68.15,75.25,109.0,108.0,66.0,70.0,112.0,110.0,65.0,,,,
2011-11-29,101.0,68.15,75.25,109.0,108.0,66.0,70.0,112.0,110.0,65.0,,,,
2011-11-30,101.0,68.15,75.25,109.0,108.0,66.0,70.0,112.0,110.0,65.0,,,,
2011-12-01,101.0,68.15,75.25,109.0,108.0,66.0,70.0,112.0,110.0,65.0,,,,
2011-12-02,101.0,68.15,75.25,109.0,108.0,66.0,70.0,112.0,110.0,65.0,,,,
2011-12-05,101.0,68.15,75.25,109.0,108.0,66.0,70.0,112.0,110.0,65.0,,,,
2011-12-06,101.0,68.15,75.25,109.0,108.0,66.0,70.0,112.0,110.0,65.0,,,,
2011-12-07,101.0,68.15,75.25,109.0,108.0,66.0,70.0,112.0,110.0,65.0,,,,
2011-12-08,101.0,68.15,75.25,109.0,108.0,66.0,70.0,112.0,110.0,65.0,,,,
2011-12-09,101.0,68.15,75.25,109.0,108.0,66.0,70.0,112.0,110.0,65.0,,,,
2011-12-12,101.0,68.15,75.25,109.0,108.0,66.0,70.0,112.0,110.0,65.0,,,,
2011-12-13,101.0,68.15,75.25,109.0,108.0,66.0,70.0,112.0,110.0,65.0,,,,
2011-12-14,101.0,68.15,75.25,109.0,108.0,64.0,70.0,112.0,110.0,65.0,,,,
2011-12-15,101.0,68.15,74.0,109.0,108.0,64.0,70.0,112.0,110.0,65.0,,,,
2011-12-16,101.0,68.15,74.0,109.0,108.0,63.85,70.0,112.0,110.0,65.0,,,,
2011-12-19,101.0,68.15,74.0,109.0,108.0,63.85,70.0,112.0,110.0,65.0,,,,
2011-12-20,101.0,68.15,73.75,109.0,108.0,63.85,70.0,112.0,110.0,65.0,,,,
2011-12-21,101.0,68.15,73.75,109.0,108.0,63.85,70.0,112.2,112.2,65.0,,,,
2011-12-22,101.0,68.15,73.75,109.0,108.0,62.9,70.0,112.0,112.0,65.0,,,,
2011-12-23,101.0,68.15,73.75,109.0,108.0,62.9,70.0,112.0,112.0,65.0,,,,
2011-12-28,101.0,68.15,73.75,109.0,108.0,62.9,70.0,112.0,112.0,65.0,,,,
2011-12-29,101.0,68.15,73.75,109.0,108.0,62.9,70.0,112.0,112.0,65.0,,,,
2011-12-30,101.0,68.15,73.75,109.0,108.0,62.9,70.0,112.0,112.0,65.0,,,,
2012-01-04,101.0,68.15,73.75,109.0,108.0,63.0,70.0,112.0,112.0,65.0,,,,
2012-01-05,101.0,68.15,73.75,109.0,108.0,63.0,70.0,112.0,112.0,65.0,,,,
2012-01-06,101.0,68.15,73.75,109.0,108.0,63.0,70.0,112.0,112.0,65.0,,,,
2012-01-09,101.0,68.15,73.75,109.0,108.0,63.0,70.0,112.0,112.0,62.8,,,,
2012-01-10,101.0,68.15,73.75,109.0,108.0,63.0,70.0,112.0,112.0,62.8,,,,
2012-01-11,101.0,68.15,73.75,109.0,108.0,63.0,70.0,112.0,112.0,62.8,,,,
2012-01-12,101.0,68.15,73.75,109.0,108.0,63.0,70.0,112.0,112.0,62.8,,,,
2012-01-13,101.0,68.15,73.75,109.0,108.0,63.0,70.0,112.0,112.0,62.8,,,,
2012-01-16,101.0,68.15,73.75,109.0,108.0,63.0,70.0,112.0,112.0,62.8,,,,
2012-01-17,101.0,68.15,73.75,109.0,108.0,63.0,72.95,112.0,112.0,62.8,,,,
2012-01-18,101.0,68.15,73.75,109.0,106.7,63.0,72.95,112.0,112.0,62.8,,,,
2012-01-19,101.0,68.15,73.75,109.0,106.7,63.0,72.95,112.0,112.0,62.8,,,,
2012-01-20,101.0,68.15,73.75,109.0,106.7,63.0,72.95,112.0,112.0,62.8,,,,
2012-01-23,101.0,68.15,73.75,109.0,106.7,63.0,72.95,112.0,112.0,62.8,,,,
2012-01-24,101.0,68.15,73.75,109.0,106.7,63.0,72.95,112.0,112.0,62.8,,,,
2012-01-25,101.0,68.15,73.75,109.0,106.7,63.0,72.95,112.0,112.0,62.8,,,,
2012-01-26,101.0,68.15,73.75,109.0,106.7,63.0,72.95,112.0,112.0,62.8,,,,
2012-01-27,101.0,68.15,73.75,109.0,106.7,63.0,72.95,112.0,112.0,62.8,,,,
2012-01-30,101.0,68.15,73.75,109.0,106.7,63.0,72.95,112.0,112.0,62.8,,,,
2012-01-31,101.0,68.15,73.75,109.0,106.7,63.0,72.95,112.0,112.0,62.8,,,,
2012-02-01,101.0,68.15,73.75,109.0,106.7,63.0,72.95,112.0,112.0,62.8,,,,
2012-02-02,101.0,68.15,73.75,109.0,106.7,64.55,72.95,112.0,112.0,62.8,,,,
2012-02-03,101.0,68.15,73.75,110.75,111.7,64.55,72.95,112.0,112.0,62.8,,,,
2012-02-06,101.0,68.15,73.75,110.75,111.7,64.55,72.95,112.0,112.0,62.8,,,,
2012-02-07,101.0,68.15,73.75,110.75,111.7,64.55,72.95,112.0,112.0,62.8,,,,
2012-02-08,101.0,68.15,73.75,110.75,111.7,64.55,72.95,112.0,112.0,62.8,,,,
2012-02-09,106.0,68.15,73.75,110.75,111.7,64.55,72.95,112.0,112.0,62.8,,,,
2012-02-10,106.5,68.15,73.75,106.5,106.8,64.55,72.95,112.0,112.0,62.8,,,,
2012-02-13,107.0,68.0,73.75,107.4,106.8,64.55,72.95,112.0,112.0,62.8,,,,
2012-02-14,107.0,68.0,73.75,107.4,106.8,64.55,72.95,112.0,112.0,62.8,,,,
2012-02-15,107.0,68.0,73.75,107.4,106.8,64.55,72.95,112.0,112.0,62.8,,,,
2012-02-16,107.0,68.0,73.75,107.4,107.0,64.55,72.95,112.0,112.0,62.8,,,,
2012-02-17,107.0,68.0,73.75,107.4,107.0,64.55,72.95,111.75,111.75,62.8,,,,
2012-02-20,106.4,68.0,73.75,107.4,107.2,64.55,72.95,111.75,111.75,62.8,,,,
2012-02-21,104.2,66.0,72.8,106.25,107.25,64.55,72.95,111.75,111.75,62.8,,,,
2012-02-22,105.5,66.1,72.8,106.25,107.0,62.5,69.65,111.55,111.75,62.8,,,,
2012-02-23,105.95,66.1,72.8,106.8,107.25,62.5,69.65,112.0,111.75,62.8,,,,
2012-02-24,105.95,66.1,72.8,107.0,107.25,62.75,69.65,112.0,111.75,62.8,,,,
2012-02-27,105.95,66.1,72.8,107.0,107.25,62.75,70.0,112.0,111.75,62.8,,,,
2012-02-28,103.5,65.85,72.5,106.15,106.0,62.75,70.0,111.5,111.75,62.8,,,,
2012-02-29,103.5,65.85,72.5,106.15,106.0,62.75,70.0,111.5,111.75,62.8,,,,
2012-03-01,103.5,65.85,72.5,106.15,106.0,62.75,70.0,111.5,111.75,62.8,,,,
2012-03-02,103.5,65.85,72.5,106.15,106.0,62.75,70.0,111.5,111.75,62.8,,,,
2012-03-05,103.5,65.85,72.5,106.15,106.0,62.75,70.0,111.5,111.75,62.8,,,,
2012-03-06,105.0,65.85,72.5,106.15,106.0,62.75,71.0,112.2,112.2,62.8,,,,
2012-03-07,105.0,65.85,72.5,106.15,106.0,62.75,71.0,112.9,112.4,62.8,,,,
2012-03-08,105.0,65.85,72.5,106.15,106.0,62.75,71.0,112.9,112.4,62.8,,,,
2012-03-09,105.0,65.85,72.5,106.15,106.0,62.75,71.0,112.9,112.4,62.8,,,,
2012-03-12,105.0,65.85,72.5,106.15,106.0,62.75,71.0,112.9,112.4,62.8,,,,
2012-03-13,105.0,65.85,72.5,106.15,106.0,63.0,71.0,112.9,112.4,62.8,,,,
2012-03-14,105.0,65.85,72.5,106.15,106.0,63.0,71.0,112.9,112.4,62.8,,,,
2012-03-15,105.0,65.85,72.5,106.15,106.0,63.0,71.0,112.9,112.4,62.8,,,,
2012-03-16,105.0,65.85,72.5,106.15,106.0,63.0,71.0,112.9,112.4,62.8,,,,
2012-03-19,105.0,65.85,72.5,106.15,106.0,63.0,71.0,112.9,112.4,62.8,,,,
2012-03-20,105.0,65.85,72.5,106.15,106.0,63.0,71.0,112.9,112.4,62.8,,,,
2012-03-21,105.0,65.85,72.5,106.15,106.0,63.0,71.0,112.9,112.4,62.8,,,,
2012-03-22,105.0,64.5,72.5,106.15,106.0,63.0,71.0,112.9,112.4,62.8,,,,
2012-03-23,105.0,64.5,72.5,106.15,106.0,63.0,71.0,112.9,112.4,62.8,,,,
2012-03-26,105.0,63.8,72.5,106.15,106.0,63.0,71.0,112.9,112.4,62.8,,,,
2012-03-27,105.5,63.8,72.5,106.15,106.0,63.0,71.0,112.9,112.4,62.8,,,,
2012-03-28,105.5,63.8,72.5,106.15,106.0,63.0,71.0,112.9,112.4,62.8,,,,
2012-03-29,105.5,63.8,72.5,106.15,106.0,63.0,71.0,112.9,112.4,62.8,,,,
2012-03-30,105.5,63.8,72.5,106.15,106.0,63.0,71.0,112.9,112.4,62.8,,,,
2012-04-02,105.5,63.8,72.5,106.15,106.0,63.0,71.0,112.9,112.4,62.8,,,,
2012-04-03,105.5,63.8,72.5,106.15,106.0,63.0,71.0,112.9,112.4,62.8,,,,
2012-04-04,105.5,63.8,72.5,106.15,106.0,63.0,71.0,112.9,112.4,62.8,,,,
2012-04-05,105.5,63.8,72.5,106.15,106.0,63.0,71.0,112.9,112.4,62.8,,,,
2012-04-10,105.5,63.8,72.5,106.15,106.0,63.0,71.0,112.9,112.4,62.8,,,,
2012-04-11,105.5,63.8,72.5,106.15,106.0,63.0,71.0,112.9,112.4,62.8,,,,
2012-04-12,105.5,63.8,72.5,106.15,106.0,63.0,71.0,112.9,112.4,62.8,,,,
2012-04-13,105.5,63.8,72.5,106.15,106.0,63.0,71.0,112.9,112.4,62.8,,,,
2012-04-16,105.5,63.8,72.5,106.15,106.0,63.0,71.0,112.9,112.4,62.8,,,,
2012-04-17,105.5,63.8,72.5,106.15,106.0,63.0,71.0,112.9,112.4,62.8,,,,
2012-04-18,105.5,63.8,72.5,106.15,106.0,63.0,71.0,112.9,112.4,62.8,,,,
2012-04-19,105.5,63.8,72.5,106.15,106.0,63.0,71.0,112.9,112.4,62.8,,,,
2012-04-20,105.5,63.8,72.5,106.15,106.0,63.0,71.0,112.9,112.4,62.8,,,,
2012-04-23,105.5,63.8,72.5,106.15,106.0,63.0,71.0,112.9,112.4,62.8,,,,
2012-04-24,105.5,63.8,72.5,106.15,106.0,63.0,71.0,112.9,112.4,62.8,,,,
2012-04-25,105.5,63.8,72.5,106.15,106.0,63.0,71.0,112.9,112.4,62.8,,,,
2012-04-26,105.5,63.8,72.5,106.15,106.0,63.0,71.0,112.9,112.4,62.8,,,,
2012-04-27,105.5,63.8,72.5,106.15,106.0,63.0,71.0,112.9,112.4,62.8,,,,
2012-04-30,105.5,63.8,72.5,106.15,106.0,63.0,71.0,112.9,112.4,62.8,,,,
2012-05-01,105.5,63.8,72.5,106.15,106.0,63.0,71.0,112.9,112.4,62.8,,,,
2012-05-02,105.5,63.8,72.5,106.15,106.0,63.0,71.0,112.9,112.4,62.8,,,,
2012-05-03,105.5,63.8,72.5,106.15,106.0,63.0,71.0,112.9,112.4,62.8,,,,
2012-05-04,105.5,63.8,72.5,106.15,106.0,63.0,71.0,112.9,112.4,62.8,,,,
2012-05-07,105.5,63.8,72.5,106.15,106.0,63.0,71.0,112.9,112.4,62.8,,,,
2012-05-08,105.5,63.8,72.5,106.15,106.0,63.0,71.0,112.9,112.4,62.8,,,,
2012-05-09,105.5,63.8,72.5,106.15,106.0,63.0,71.0,112.9,112.4,62.8,,,,
2012-05-10,105.5,63.8,72.5,106.15,106.0,63.0,71.0,112.9,112.4,62.8,,,,
2012-05-11,105.5,63.8,72.5,106.15,106.0,63.0,71.0,112.9,112.4,62.8,,,,
2012-05-14,105.5,63.8,72.5,106.15,106.0,63.0,71.0,112.9,112.4,62.8,,,,
2012-05-15,105.5,63.8,72.5,106.15,106.0,63.0,71.0,112.9,112.4,62.8,,,,
2012-05-16,105.5,63.8,72.5,106.15,106.0,63.0,71.0,112.9,112.4,62.8,,,,
2012-05-17,105.5,63.8,72.5,106.15,106.0,63.0,71.0,112.9,112.4,62.8,,,,
2012-05-18,105.5,63.8,72.5,106.15,106.0,63.0,71.0,112.9,112.4,62.8,,,,
2012-05-21,105.5,63.8,72.5,106.15,106.0,63.0,71.0,112.9,112.4,62.8,,,,
2012-05-22,105.5,63.8,72.5,106.15,106.0,63.0,71.0,112.9,112.4,62.8,,,,
2012-05-23,105.5,63.8,72.5,106.15,106.0,63.0,71.0,112.9,112.4,62.8,,,,
2012-05-24,105.5,63.8,72.5,106.15,106.0,63.0,71.0,112.9,112.4,62.8,,,,
2012-05-25,105.5,63.8,72.5,106.15,106.0,63.0,71.0,112.9,112.4,62.8,,,,
2012-05-28,105.5,63.8,72.5,106.15,106.0,63.0,71.0,112.9,112.4,62.8,,,,
2012-05-29,105.5,63.8,72.5,106.15,106.0,63.0,71.0,112.9,112.4,62.8,,,,
2012-05-30,105.5,63.8,72.5,106.15,106.0,63.0,71.0,112.9,112.4,62.8,,,,
2012-05-31,105.5,63.8,72.5,106.15,106.0,63.0,71.0,112.9,112.4,62.8,,,,
2012-06-01,105.5,63.8,72.5,106.15,106.0,63.0,71.0,112.9,112.4,62.8,,,,
2012-06-04,105.5,63.8,72.5,106.15,106.0,63.0,71.0,112.9,112.4,62.8,,,,
2012-06-05,105.5,63.8,72.5,106.15,106.0,63.0,71.0,112.9,112.4,62.8,,,,
2012-06-06,105.5,63.8,72.5,106.15,106.0,63.0,71.0,112.9,112.4,62.8,,,,
2012-06-07,105.5,63.8,72.5,106.15,106.0,63.0,71.0,112.9,112.4,62.8,,,,
2012-06-08,105.5,63.8,72.5,106.15,106.0,63.0,71.0,112.9,112.4,62.8,,,,
2012-06-11,105.5,63.8,72.5,106.15,106.0,63.0,71.0,112.9,112.4,62.8,,,,
2012-06-12,105.5,63.8,72.5,106.15,106.0,63.0,71.0,112.9,112.4,62.8,,,,
2012-06-13,105.5,63.8,72.5,106.15,106.0,63.0,71.0,112.9,112.4,62.8,,,,
2012-06-14,105.5,63.8,72.5,106.15,106.0,63.0,71.0,112.9,112.4,62.8,,,,
2012-06-15,105.5,63.8,72.5,106.15,106.0,63.0,71.0,112.9,112.4,62.8,,,,
2012-06-18,105.5,63.8,72.5,106.15,106.0,63.0,71.0,112.9,112.4,62.8,,,,
2012-06-19,105.5,63.8,72.5,106.15,106.0,63.0,71.0,112.9,112.4,62.8,,,,
2012-06-20,105.5,63.8,72.5,106.15,106.0,63.0,71.0,112.9,112.4,62.8,,,,
2012-06-21,105.5,63.8,72.5,106.15,106.0,63.0,71.0,112.9,112.4,62.8,,,,
2012-06-22,105.5,63.8,72.5,106.15,106.0,63.0,71.0,112.9,112.4,62.8,,,,
2012-06-25,98.0,63.8,72.5,106.15,106.0,63.0,71.0,108.1,109.1,62.8,,,,
2012-06-26,95.5,63.8,70.9,102.9,102.0,63.0,71.0,108.1,109.1,62.8,,,,
2012-06-27,95.5,63.8,71.25,102.9,102.0,63.0,71.0,108.1,109.1,62.8,,,,
2012-06-28,95.5,63.8,71.25,102.9,102.0,63.0,71.0,108.1,109.1,62.8,,,,
2012-06-29,95.5,63.8,71.25,102.9,102.0,63.0,71.0,108.1,109.1,62.8,,,,
2012-07-02,95.5,63.8,71.25,102.9,102.0,63.0,71.0,108.1,109.1,62.8,,,,
2012-07-03,95.5,63.8,71.25,102.9,102.0,63.0,71.0,108.1,109.1,62.8,,,,
2012-07-04,95.5,63.8,71.25,102.9,102.0,63.0,71.0,108.1,109.1,62.8,,,,
2012-07-05,95.5,63.8,71.25,102.9,102.0,63.0,71.0,108.1,109.1,62.8,,,,
2012-07-06,95.5,63.8,71.25,102.9,102.0,63.0,71.0,108.1,109.1,62.8,,,,
2012-07-09,95.5,63.8,71.25,102.9,102.0,63.0,71.0,108.1,109.1,62.8,,,,
2012-07-10,95.5,63.8,71.25,102.9,102.0,63.0,71.0,108.1,109.1,62.8,,,,
2012-07-11,95.5,63.8,71.25,102.9,102.0,63.0,71.0,108.1,109.1,62.8,,,,
2012-07-12,95.5,63.8,71.25,102.9,102.0,63.0,71.0,108.1,109.1,62.8,,,,
2012-07-13,95.5,63.8,71.25,102.9,102.0,63.0,71.0,108.1,109.1,62.8,,,,
2012-07-16,95.5,63.8,71.25,102.9,102.0,63.0,71.0,108.1,109.1,62.8,,,,
2012-07-17,95.5,63.8,71.25,102.9,102.0,63.0,71.0,108.1,109.1,62.8,,,,
2012-07-18,95.5,63.8,71.25,102.9,102.0,63.9,71.0,108.1,109.1,62.8,,,,
2012-07-19,95.5,63.8,71.25,102.9,102.0,63.9,71.0,108.1,109.1,62.8,,,,
2012-07-20,95.5,63.8,71.25,102.9,102.0,63.9,71.0,108.1,109.1,62.8,,,,
2012-07-23,95.5,63.8,71.25,102.9,102.0,63.9,71.0,108.1,109.1,62.8,,,,
2012-07-24,95.5,63.8,71.25,102.9,102.0,63.9,71.0,108.1,109.1,62.8,,,,
2012-07-25,95.5,63.8,71.25,102.9,102.0,63.9,71.0,108.1,109.1,62.8,,,,
2012-07-26,95.5,63.8,71.25,102.9,102.0,63.9,71.0,108.1,109.1,62.8,,,,
2012-07-27,95.5,63.8,71.25,102.9,102.0,63.9,71.0,108.1,109.1,62.8,,,,
2012-07-30,95.5,63.8,71.25,102.9,102.0,63.9,71.0,108.1,109.1,62.8,,,,
2012-07-31,95.5,63.8,71.25,102.9,102.0,63.9,71.0,108.1,109.1,62.8,,,,
2012-08-01,95.5,63.8,71.25,102.9,102.0,63.9,71.0,108.1,109.1,62.8,,,,
2012-08-02,95.5,63.8,71.25,102.9,102.0,63.9,71.0,108.1,109.1,62.8,,,,
2012-08-03,95.5,63.8,71.25,102.9,102.0,63.9,71.0,108.1,109.1,62.8,,,,
2012-08-06,95.5,63.8,71.25,102.9,102.0,63.9,71.0,108.1,109.1,62.8,,,,
2012-08-07,95.5,63.8,71.25,102.9,102.0,63.5,71.0,108.1,108.0,62.8,,,,
2012-08-08,95.5,63.8,71.25,102.9,102.0,63.5,71.0,108.1,108.0,62.8,,,,
2012-08-09,95.5,63.8,71.25,102.9,102.0,63.5,71.0,108.1,108.0,62.8,,,,
2012-08-10,95.5,63.8,71.25,102.9,102.0,63.5,71.0,108.1,108.0,62.8,,,,
2012-08-13,95.5,63.8,71.25,102.9,102.0,63.5,71.0,108.1,108.0,62.8,,,,
2012-08-14,95.5,63.8,71.25,102.9,102.0,63.5,71.0,108.1,108.0,62.8,,,,
2012-08-15,95.5,63.8,71.25,102.9,102.0,63.5,71.0,108.1,108.0,62.8,,,,
2012-08-16,95.5,63.8,71.25,102.9,102.0,63.5,71.0,108.1,108.0,62.8,,,,
2012-08-17,95.5,63.8,71.25,102.9,102.0,63.5,71.0,108.1,108.0,62.8,,,,
2012-08-20,95.5,63.8,71.25,102.9,102.0,63.5,71.0,108.1,108.0,62.8,,,,
2012-08-21,95.5,63.8,71.25,102.9,102.0,63.5,71.0,108.1,108.0,62.8,,,,
2012-08-22,95.5,63.8,71.25,102.9,102.0,63.5,71.0,108.1,108.0,62.8,,,,
2012-08-23,95.5,63.8,71.25,102.9,102.0,63.5,71.0,108.1,108.0,62.8,,,,
2012-08-24,95.5,63.8,71.25,102.9,102.0,63.5,71.0,108.1,108.0,62.8,,,,
2012-08-27,95.5,63.8,71.25,102.9,102.0,63.5,71.0,108.1,108.0,62.8,,,,
2012-08-28,95.5,63.8,71.25,102.9,102.0,63.5,71.0,108.1,108.0,62.8,,,,
2012-08-29,95.5,63.8,71.25,102.9,102.0,63.5,71.0,108.1,108.0,62.8,,,,
2012-08-30,95.5,63.8,71.25,102.9,102.0,63.5,71.0,104.0,102.0,62.8,,,,
2012-08-31,95.5,63.8,71.25,102.0,102.0,63.5,71.0,100.5,101.0,62.8,,,,
2012-09-03,95.5,63.8,71.25,102.0,102.0,63.5,71.0,100.0,100.0,62.8,,,,
2012-09-04,95.5,63.8,71.25,101.75,102.0,63.5,71.0,100.0,100.0,62.8,,,,
2012-09-05,95.5,63.8,71.25,98.0,97.5,63.5,71.0,100.0,100.0,62.8,,,,
2012-09-06,95.5,63.8,71.25,95.0,96.5,63.5,71.0,100.0,100.0,62.8,,,,
2012-09-07,90.5,63.5,71.0,93.0,93.5,63.0,70.0,95.0,95.0,62.8,,,,
2012-09-10,87.9,63.5,70.55,93.0,93.45,63.0,70.0,95.0,95.0,62.8,,,,
2012-09-11,87.9,63.0,70.55,92.4,92.4,61.95,70.0,94.4,94.5,62.8,,,,
2012-09-12,87.9,63.5,70.55,92.4,92.4,61.95,70.0,94.65,94.65,62.8,,,,
2012-09-13,92.0,63.0,70.55,92.4,92.4,61.95,70.0,94.65,94.65,62.8,,,,
2012-09-14,92.0,63.0,70.55,93.0,93.0,61.95,70.0,94.65,94.65,62.8,,,,
2012-09-17,92.0,63.0,70.55,93.0,93.0,61.95,70.0,94.65,94.65,62.8,,,,
2012-09-18,91.5,63.0,69.0,91.9,91.9,61.95,70.0,93.85,94.65,62.8,,,,
2012-09-19,91.5,63.0,69.0,91.9,91.9,61.95,70.0,93.85,94.65,62.8,,,,
2012-09-20,91.5,63.0,69.0,91.9,91.9,61.95,70.0,93.85,94.65,62.8,,,,
2012-09-21,91.5,63.0,69.0,91.9,91.9,61.9,70.0,93.85,94.65,62.8,,,,
2012-09-24,91.5,60.9,68.5,91.9,91.9,59.0,70.0,93.85,94.65,62.0,,,,
2012-09-25,91.5,61.75,68.5,91.9,91.9,59.0,70.0,93.85,94.0,61.0,,,,
2012-09-26,91.5,61.75,68.5,91.9,91.9,59.5,70.0,93.85,94.0,61.0,,,,
2012-09-27,91.35,61.9,68.8,91.9,91.9,59.5,70.0,93.85,94.0,61.0,,,,
2012-09-28,91.35,61.9,68.8,91.9,91.9,59.3,70.0,93.85,94.0,61.0,,,,
2012-10-01,91.35,61.9,67.0,91.9,91.9,58.5,67.5,93.85,94.0,61.0,61.0,61.0,61.0,61.0
2012-10-02,91.35,61.9,67.0,91.9,91.9,58.5,67.5,93.85,94.0,61.0,61.0,85.0,94.0,61.0
2012-10-03,91.35,61.9,67.0,91.9,91.9,58.5,67.5,93.85,94.0,61.0,66.4,89.3,94.0,61.0
2012-10-04,91.85,63.2,69.8,91.95,91.9,60.0,67.5,93.85,94.0,61.0,66.4,89.3,94.0,61.0
2012-10-05,91.85,63.2,69.8,91.95,91.9,60.0,67.5,93.85,94.0,61.0,66.4,89.3,94.0,61.0
2012-10-08,91.85,63.2,69.8,91.95,91.9,60.0,67.5,93.85,94.0,61.0,68.0,90.5,94.0,61.0
2012-10-09,91.85,63.5,70.1,91.95,91.9,60.7,70.25,93.85,94.0,61.0,68.0,90.5,94.0,61.0
2012-10-10,90.0,63.5,69.5,91.95,91.9,60.7,70.25,93.5,93.5,61.0,68.0,90.5,94.0,61.0
2012-10-11,90.0,63.5,69.5,91.95,91.9,60.7,70.25,93.5,93.5,61.95,69.0,90.5,94.0,61.0
2012-10-12,90.0,63.0,69.5,91.85,91.9,60.7,70.25,93.5,93.5,61.95,69.0,94.0,94.0,61.0
2012-10-15,90.0,63.0,69.5,91.85,91.9,62.25,71.0,93.5,93.5,61.95,69.0,94.0,94.0,61.0
2012-10-16,88.0,62.6,69.5,87.85,90.0,61.5,70.5,93.5,93.5,61.95,69.0,94.0,94.0,61.0
2012-10-17,86.5,62.25,68.55,87.85,90.0,61.5,70.5,92.5,91.2,62.0,69.0,93.0,93.0,61.0
2012-10-18,84.5,61.9,67.8,87.0,87.95,60.65,69.65,91.65,90.5,62.0,69.0,93.0,93.0,61.0
2012-10-19,84.0,62.1,67.1,83.95,87.95,60.65,69.65,91.65,90.5,62.0,69.0,93.0,93.0,61.0
2012-10-22,84.0,62.1,67.1,83.95,87.95,60.65,69.65,91.65,90.5,62.0,69.0,93.0,93.0,61.0
2012-10-23,82.6,62.0,67.1,83.95,86.6,60.65,70.0,91.65,90.5,62.0,69.0,93.0,93.0,61.0
2012-10-24,82.6,62.5,67.1,83.95,86.6,60.65,70.0,91.65,90.5,62.0,69.0,93.0,93.0,61.0
2012-10-25,82.6,62.75,66.5,83.95,86.6,60.65,70.0,91.65,90.5,62.0,69.0,93.0,93.0,61.0
2012-10-26,82.7,63.15,66.5,83.5,86.6,60.65,70.0,91.65,90.5,62.0,69.0,92.9,92.9,61.0
2012-10-29,82.7,63.15,66.25,83.1,86.6,60.65,70.0,91.65,90.5,62.0,69.0,92.9,92.9,59.85
2012-10-30,82.7,63.15,66.5,83.1,86.0,60.65,70.0,91.65,90.5,62.0,69.0,92.9,92.9,59.85
2012-10-31,82.7,63.15,66.5,83.1,86.0,60.65,70.0,91.5,90.5,62.0,69.0,92.9,92.9,59.85
2012-11-01,82.7,62.8,66.5,83.1,86.0,60.65,70.0,91.5,90.5,62.0,69.0,92.9,92.9,59.85
2012-11-02,82.7,61.5,66.5,83.1,86.0,60.65,70.0,88.1,90.0,62.0,69.0,92.9,92.9,59.85
2012-11-05,82.7,61.5,66.0,81.9,80.25,60.65,70.0,88.0,85.05,62.0,69.0,88.6,88.6,59.85
2012-11-06,82.7,61.5,66.1,82.1,82.0,60.25,70.0,86.0,85.05,62.0,69.0,88.6,88.6,59.85
2012-11-07,82.7,61.5,66.1,82.1,82.0,60.25,70.0,86.0,85.05,62.0,69.0,88.6,88.6,59.85
2012-11-08,82.7,61.5,66.1,82.1,82.0,60.25,68.0,86.0,85.05,62.0,69.0,88.6,88.6,59.85
2012-11-09,81.85,60.0,66.1,82.1,82.0,60.25,68.0,86.0,85.05,62.0,69.0,88.15,88.6,58.8
2012-11-12,81.85,60.0,66.1,82.1,82.0,59.05,68.0,85.05,85.05,61.4,69.0,87.65,88.15,59.2
2012-11-13,81.85,60.0,66.1,82.1,82.0,60.0,68.0,85.05,85.05,61.6,69.0,87.65,88.1,59.2
2012-11-14,81.85,60.0,66.1,82.1,82.0,60.0,68.0,85.05,85.05,61.6,69.0,87.65,88.1,59.2
2012-11-15,82.0,60.9,66.0,83.0,83.0,61.5,68.0,84.0,84.0,61.0,69.0,87.65,88.1,59.2
2012-11-16,82.0,60.9,66.0,83.0,83.0,61.5,68.0,84.0,84.0,61.0,69.0,87.65,88.1,60.0
2012-11-19,82.0,60.9,66.0,83.0,83.0,61.5,68.0,84.0,84.0,61.0,69.0,87.65,88.1,60.0
2012-11-20,79.25,60.9,66.0,83.0,80.65,61.5,68.0,84.0,84.0,61.0,69.0,87.65,88.1,60.0
2012-11-21,79.25,60.0,66.0,83.0,80.65,61.5,68.0,84.0,83.5,61.0,69.0,87.65,88.1,60.0
2012-11-22,79.25,60.0,66.0,83.0,80.65,61.5,68.0,85.15,83.5,61.0,69.0,87.65,88.1,60.0
2012-11-23,79.25,60.0,66.0,83.0,80.65,61.5,68.0,85.15,83.5,61.0,69.0,87.65,88.1,60.0
2012-11-26,80.5,61.5,66.0,84.4,82.4,61.7,69.35,85.15,85.1,61.85,69.0,88.15,88.65,60.0
2012-11-27,80.75,61.5,66.0,84.4,82.4,61.7,69.35,85.15,85.1,61.85,69.0,88.15,88.65,60.0
2012-11-28,80.0,61.5,66.0,84.4,82.4,61.7,69.35,85.15,85.1,61.85,69.0,88.15,88.65,60.0
2012-11-29,80.0,61.0,66.0,84.4,82.4,60.5,69.35,85.15,85.1,61.85,69.0,88.15,88.65,60.0
2012-11-30,80.0,59.0,66.0,84.4,82.4,60.5,69.35,85.15,85.1,61.85,69.0,88.15,88.65,60.0
2012-12-03,80.0,56.5,66.0,84.4,82.4,60.5,69.35,85.15,85.1,61.85,69.0,88.15,88.65,60.0
2012-12-04,80.0,56.5,66.0,84.4,82.4,60.5,69.35,85.15,85.1,61.85,69.0,88.15,88.65,60.0
2012-12-05,80.0,56.5,66.0,84.4,82.4,60.5,69.35,85.15,85.1,61.85,69.0,88.15,88.65,60.0
2012-12-06,80.0,58.1,67.3,84.4,82.4,60.5,69.35,85.15,85.1,61.85,69.0,88.15,88.65,60.0
2012-12-07,80.25,58.1,67.3,84.4,82.4,60.5,69.35,85.15,85.1,61.85,69.0,88.15,88.65,60.0
2012-12-10,80.5,58.1,67.3,84.4,82.4,60.5,69.35,85.15,85.1,61.85,69.0,88.15,88.65,60.0
2012-12-11,80.5,58.1,67.3,84.4,82.4,60.5,69.35,85.15,85.1,61.85,69.0,88.15,88.65,60.0
2012-12-12,80.5,58.1,67.3,84.4,82.4,60.5,69.35,85.15,85.1,61.85,69.0,88.15,88.65,60.0
2012-12-13,79.0,58.1,67.3,83.0,82.0,60.5,69.35,85.0,85.0,61.85,69.0,88.15,88.65,60.0
2012-12-14,78.0,58.5,67.3,82.45,82.0,60.5,69.35,84.5,84.0,61.85,69.0,88.15,88.65,60.0
2012-12-17,78.0,58.5,67.3,82.45,82.0,60.5,69.35,84.5,84.0,61.85,69.0,88.15,88.65,60.0
2012-12-18,78.0,58.5,67.3,82.45,82.0,60.5,69.35,84.5,84.0,61.85,69.0,88.15,88.65,60.0
2012-12-19,78.0,58.5,67.3,82.45,82.0,60.5,69.35,84.5,84.0,61.85,69.0,88.15,88.65,60.0
2012-12-20,75.5,58.5,67.3,82.45,82.0,60.5,69.35,84.5,84.0,61.85,69.0,88.15,88.65,60.0
2012-12-21,76.25,58.5,67.3,82.45,82.0,60.5,69.35,84.5,83.95,61.85,69.0,88.15,88.65,60.0
2012-12-24,76.25,58.5,67.3,82.45,82.0,60.5,69.35,84.5,83.95,61.85,69.0,88.15,88.65,60.0
2012-12-27,76.25,58.5,67.3,82.45,82.0,60.5,69.35,84.5,83.95,61.85,69.0,88.15,88.65,60.0
2012-12-28,76.25,58.5,67.3,82.45,82.0,60.5,69.35,84.5,83.95,61.85,69.0,88.15,88.65,60.0
2012-12-31,76.25,58.5,67.3,82.45,82.0,60.5,69.35,84.5,83.95,61.85,69.0,88.15,88.65,60.0
2013-01-03,74.4,57.0,65.25,81.5,79.5,58.9,68.0,83.0,82.0,60.5,67.1,87.0,87.0,59.0
2013-01-04,74.4,57.0,65.25,81.5,79.5,58.9,68.0,83.0,81.9,60.5,67.1,87.0,87.0,59.0
2013-01-07,70.4,56.4,62.0,81.0,79.5,58.7,64.9,83.0,81.9,60.5,66.8,87.0,87.0,58.8
2013-01-08,64.0,54.8,60.0,80.7,79.5,58.6,64.55,83.0,81.9,60.5,66.7,87.0,87.0,58.7
2013-01-09,64.0,54.8,60.0,80.7,79.5,58.6,64.15,82.0,81.9,60.5,66.7,87.0,87.0,58.7
2013-01-10,65.5,54.8,60.5,81.0,80.6,58.6,64.15,82.0,81.9,60.5,66.7,87.0,87.0,58.7
2013-01-11,68.5,56.0,60.5,81.0,80.6,58.6,64.15,82.0,81.9,60.5,66.7,87.0,87.0,58.7
2013-01-14,67.0,56.0,60.5,81.0,80.6,56.9,64.15,82.0,81.9,58.0,66.7,87.0,87.0,58.7
2013-01-15,67.0,57.1,61.1,81.0,80.6,56.2,64.15,82.0,81.9,58.0,66.7,87.0,87.0,58.7
2013-01-16,67.0,57.4,61.1,83.45,82.4,56.2,65.3,84.0,84.0,60.1,67.0,87.25,87.25,58.9
2013-01-17,68.0,57.4,61.1,83.45,82.4,56.2,65.35,88.25,88.0,60.0,68.0,90.3,90.3,60.0
2013-01-18,68.0,57.4,61.1,83.45,82.4,56.2,64.0,86.0,86.5,58.1,65.25,87.5,87.85,58.0
2013-01-21,68.0,57.4,61.1,83.45,82.4,56.2,64.0,86.0,86.5,58.1,65.25,87.5,87.85,58.0
2013-01-22,70.1,57.4,61.1,85.55,84.5,56.2,64.0,86.0,86.5,58.1,65.25,87.5,87.85,58.0
2013-01-23,73.25,57.4,61.1,85.55,85.25,56.2,64.0,90.0,88.2,58.1,65.25,87.5,87.85,58.0
2013-01-24,74.25,57.4,62.35,85.55,85.25,56.2,64.0,90.0,88.2,58.1,65.25,87.5,87.85,58.0
2013-01-25,72.7,57.4,62.35,85.55,85.25,56.2,64.0,90.0,88.2,58.1,65.25,87.5,87.85,58.0
2013-01-28,72.7,57.4,62.35,85.55,85.25,56.2,64.0,90.0,88.2,58.1,65.25,87.5,87.85,58.0
2013-01-29,72.7,57.4,62.35,85.55,85.25,55.2,64.5,90.0,88.2,57.2,65.1,87.5,87.85,58.0
2013-01-30,75.1,57.4,64.35,85.55,85.25,55.5,64.5,90.0,88.2,57.2,65.1,87.5,87.85,58.0
2013-01-31,75.1,57.4,64.35,85.55,85.25,55.5,64.5,89.0,88.2,57.2,65.1,87.5,87.85,58.0
2013-02-01,74.9,57.4,64.35,85.55,85.25,55.5,64.5,89.0,88.2,57.2,65.1,87.5,87.85,58.0
2013-02-04,74.9,57.4,64.35,85.55,85.25,55.5,64.5,89.0,88.2,57.2,65.1,87.5,87.85,58.0
2013-02-05,74.9,57.4,64.35,85.55,85.25,55.5,64.5,89.0,88.2,57.2,65.1,87.5,87.85,58.0
2013-02-06,74.9,57.4,64.35,85.55,85.25,55.5,64.5,89.0,88.2,57.2,65.1,87.5,87.85,58.0
2013-02-07,74.9,57.4,64.35,85.55,85.25,55.5,64.5,89.0,88.2,57.0,65.1,87.5,87.85,58.0
2013-02-08,74.9,57.5,64.35,85.55,87.45,55.5,66.0,89.0,88.2,57.0,67.0,87.5,87.85,58.0
2013-02-11,74.9,57.5,64.35,85.55,87.45,56.0,65.5,89.0,88.2,57.0,67.0,87.5,87.85,58.0
2013-02-12,74.9,57.5,64.35,85.55,87.45,56.0,65.5,86.45,85.75,57.0,65.0,87.5,87.5,56.5
2013-02-13,74.9,57.5,64.35,85.55,87.45,56.0,65.5,87.0,87.5,57.0,65.0,87.5,87.5,56.5
2013-02-14,74.9,58.0,64.35,85.55,87.45,56.0,65.5,87.0,87.5,57.0,65.0,87.5,87.0,56.0
2013-02-15,74.9,58.0,64.35,85.55,87.45,56.0,65.5,87.0,87.5,57.0,65.0,88.0,87.0,56.0
2013-02-18,74.9,58.0,64.35,85.55,87.45,56.0,65.5,87.0,87.5,57.0,65.0,88.0,87.0,56.0
2013-02-19,77.5,58.0,64.35,85.55,87.45,56.0,65.5,87.0,87.0,57.0,65.0,88.0,87.0,56.0
2013-02-20,78.0,58.55,66.15,85.55,87.45,56.5,65.5,87.5,87.5,57.0,65.0,88.0,89.25,56.0
2013-02-21,78.0,58.55,66.15,88.55,87.45,56.5,65.5,87.5,87.5,57.0,65.0,88.0,89.25,56.0
2013-02-22,78.0,58.55,66.15,88.55,87.45,56.5,65.5,87.5,87.5,57.0,65.0,88.0,89.25,56.0
2013-02-25,82.3,58.55,66.15,88.55,87.45,56.5,66.6,89.5,89.0,57.0,65.0,88.0,89.25,56.0
2013-02-26,82.5,60.9,67.3,89.25,90.3,56.5,66.6,89.5,89.0,57.0,65.0,88.0,87.5,56.0
2013-02-27,83.0,60.9,68.0,89.25,90.3,56.5,66.6,89.5,89.0,57.0,65.0,88.5,87.5,56.0
2013-02-28,81.9,61.4,70.35,89.25,90.3,56.5,66.6,89.5,89.0,57.0,65.0,88.5,87.5,56.0
2013-03-01,87.0,61.4,70.35,89.25,90.3,56.5,66.6,89.5,89.0,57.0,65.0,88.5,87.5,56.0
2013-03-04,89.0,61.8,70.35,89.25,90.3,56.5,66.6,89.5,89.25,57.0,65.0,88.5,87.5,56.0
2013-03-05,89.0,61.8,70.35,89.25,90.3,56.5,66.6,89.5,89.25,57.0,65.0,88.5,87.5,56.0
2013-03-06,89.0,61.8,70.35,89.25,90.3,56.5,66.6,89.5,89.25,57.0,65.0,88.5,87.5,56.0
2013-03-07,89.9,61.8,70.35,89.25,90.3,56.5,66.6,89.5,89.25,57.0,65.0,88.5,87.5,56.0
2013-03-08,89.9,61.8,70.35,89.25,90.3,56.5,66.6,89.5,89.25,57.0,65.0,88.5,87.5,56.0
2013-03-11,82.9,61.8,70.35,89.25,90.3,56.5,66.6,89.5,89.25,57.0,65.0,88.5,87.5,56.0
2013-03-12,82.9,61.8,70.35,89.25,90.3,56.5,66.6,89.5,89.25,57.0,65.0,88.5,87.5,56.0
2013-03-13,82.9,61.8,70.35,89.25,90.3,56.5,66.6,89.5,89.25,57.0,65.0,88.5,87.5,56.0
2013-03-14,82.9,61.8,70.35,89.25,90.3,56.5,66.6,89.5,89.25,57.0,65.0,88.5,87.5,56.0
2013-03-15,80.0,61.8,69.3,89.25,89.0,56.5,65.25,89.5,89.25,57.0,65.0,88.5,87.5,56.0
2013-03-18,80.0,61.8,69.3,89.25,89.0,56.0,65.25,89.5,89.25,57.0,65.0,88.5,87.5,56.0
2013-03-19,80.0,61.8,69.3,88.6,88.0,56.0,65.25,88.6,87.75,57.0,65.0,88.5,87.5,56.0
2013-03-20,80.0,61.8,67.0,88.6,88.0,56.0,65.25,88.6,87.15,57.0,65.0,88.5,87.0,55.25
2013-03-21,80.0,61.8,67.0,89.0,88.0,56.0,65.25,88.6,87.15,57.0,65.0,88.5,87.0,55.25
2013-03-22,80.0,61.8,67.0,89.0,88.0,56.0,66.25,88.6,87.15,57.0,65.0,88.5,87.0,55.25
2013-03-25,80.0,61.8,67.0,89.0,88.0,56.0,66.25,88.6,87.15,57.0,65.0,88.5,87.0,55.25
2013-03-26,80.0,61.8,67.0,89.0,87.0,56.0,66.25,88.6,87.15,57.0,65.0,88.5,87.0,55.25
2013-03-27,80.0,61.8,67.0,89.0,87.0,56.0,66.25,88.6,87.15,57.0,65.0,88.5,87.0,55.25
2013-03-28,81.0,61.8,67.0,89.0,84.8,56.0,66.25,86.5,84.8,57.0,65.0,88.5,87.0,55.25
2013-04-02,81.0,60.0,67.0,89.0,84.8,56.0,66.25,86.5,84.8,57.0,65.0,88.5,87.0,55.25
2013-04-03,82.4,60.0,67.0,89.0,84.8,56.0,66.25,86.5,84.8,55.3,62.5,88.5,87.0,55.25
2013-04-04,84.0,62.0,67.0,89.0,85.0,56.0,66.25,86.5,84.8,55.3,62.5,88.5,87.0,54.3
2013-04-05,88.2,62.0,67.0,89.0,85.0,56.0,66.25,86.5,84.8,55.3,62.5,88.5,87.0,54.3
2013-04-08,86.5,62.0,67.0,89.0,85.0,56.0,66.25,86.5,84.8,55.3,62.5,88.5,87.0,54.3
2013-04-09,86.5,62.0,67.0,89.0,85.0,56.0,66.25,86.5,85.0,55.3,62.5,88.5,87.0,54.3
2013-04-10,87.65,62.0,67.0,89.0,85.0,56.0,66.25,86.5,85.0,55.3,62.5,88.5,87.0,54.3
2013-04-11,81.95,58.6,62.9,89.0,85.0,56.0,66.25,86.5,85.0,55.3,62.5,88.5,87.0,54.3
2013-04-12,82.25,59.0,62.9,89.0,85.0,56.0,66.25,86.5,85.0,55.3,62.5,88.5,87.0,54.3
2013-04-15,82.25,59.0,62.9,89.0,85.0,56.0,66.25,86.5,85.0,55.3,62.5,88.5,87.0,54.3
2013-04-16,86.1,59.0,63.8,89.0,85.0,56.0,66.25,86.5,85.0,55.3,62.5,88.5,87.0,53.0
2013-04-17,87.15,59.0,63.8,89.0,85.0,56.0,66.25,86.5,85.1,55.3,62.5,88.5,87.0,53.0
2013-04-18,88.0,59.0,63.8,89.0,85.0,56.0,66.25,86.5,85.1,55.3,62.5,88.5,87.0,52.85
2013-04-19,84.5,58.1,64.0,89.0,85.0,56.0,66.25,86.5,85.1,55.3,62.0,88.5,87.0,52.85
2013-04-22,84.5,58.1,64.0,89.0,85.0,56.0,66.25,86.5,85.1,55.3,62.0,88.5,87.0,52.85
2013-04-23,83.0,58.1,64.0,89.0,85.0,56.0,66.25,86.5,85.1,55.3,62.0,88.5,87.0,52.85
2013-04-24,83.0,56.35,64.0,89.0,85.0,56.0,66.25,86.0,85.1,55.3,62.0,88.5,87.0,52.85
2013-04-25,83.0,56.35,64.0,89.0,85.0,56.0,66.25,86.0,85.1,55.3,62.0,88.5,87.0,52.85
2013-04-26,83.0,56.35,64.0,89.0,85.0,56.0,66.25,86.0,85.1,55.3,62.0,88.5,87.0,52.85
2013-04-29,83.0,56.35,64.0,89.0,85.0,56.0,66.25,86.0,85.1,55.3,62.0,88.5,87.0,52.85
2013-04-30,83.0,56.35,64.0,89.0,85.0,56.0,66.25,86.0,85.1,55.3,62.0,88.5,87.0,52.85
2013-05-01,83.0,56.35,64.0,88.8,86.0,56.0,66.25,86.0,85.1,55.3,62.0,88.5,87.0,52.85
2013-05-02,83.0,56.35,64.0,88.8,86.0,56.0,66.25,86.0,85.1,55.3,62.0,88.5,87.0,52.85
2013-05-03,83.0,56.35,64.0,88.8,86.0,56.0,66.25,86.0,85.1,55.3,62.0,88.5,87.0,52.85
2013-05-06,80.5,56.35,64.0,88.8,85.0,56.0,62.0,86.0,85.1,55.3,62.0,88.5,87.0,52.85
2013-05-07,80.0,56.35,62.5,88.8,85.1,56.0,61.05,86.0,85.0,53.25,60.0,88.5,87.0,51.0
2013-05-08,80.0,53.0,62.5,88.8,85.1,56.0,61.05,86.0,85.0,53.25,60.0,88.5,87.0,51.0
2013-05-09,80.0,53.0,62.5,88.8,85.1,56.0,61.05,86.0,85.0,53.25,60.0,87.5,87.0,51.0
2013-05-10,80.0,52.75,62.5,88.8,85.1,54.0,61.05,86.0,85.0,53.25,60.0,87.5,87.0,51.0
2013-05-13,80.0,53.7,64.5,88.8,85.1,54.0,61.5,86.0,85.0,53.0,60.0,87.5,87.0,51.0
2013-05-14,80.0,54.5,64.5,88.8,85.1,54.0,61.5,86.0,85.0,53.0,60.0,87.5,87.0,51.0
2013-05-15,80.0,54.5,64.5,88.8,85.75,54.0,61.5,86.0,85.0,53.0,60.0,87.5,87.0,51.0
2013-05-16,80.0,54.5,64.5,88.8,85.75,54.0,61.5,86.0,85.0,53.0,60.0,87.5,87.0,51.0
2013-05-17,80.0,54.5,64.5,90.0,88.0,54.0,61.5,86.0,85.0,53.0,60.0,87.5,87.0,51.0
2013-05-20,81.25,54.5,64.5,90.0,88.0,54.0,61.5,86.0,85.0,53.0,60.0,87.5,87.0,51.0
2013-05-21,84.0,54.5,64.5,90.0,88.0,54.0,61.5,86.0,85.0,53.0,60.0,87.5,87.0,51.0
2013-05-22,84.0,54.5,64.5,90.0,88.0,54.0,61.5,86.0,85.0,53.0,60.0,87.5,87.0,51.0
2013-05-23,83.0,54.5,64.5,90.0,88.0,54.0,61.5,87.0,85.0,53.0,60.0,87.5,87.0,51.0
2013-05-24,83.0,54.5,64.5,90.0,88.0,54.0,61.5,87.0,85.0,53.0,60.0,87.5,87.0,51.0
2013-05-27,83.0,54.5,64.5,88.7,88.0,54.0,61.5,87.0,85.0,53.0,60.0,87.5,87.0,51.0
2013-05-28,83.0,54.5,64.5,88.7,88.0,54.0,61.5,87.0,85.0,53.0,60.0,87.5,87.0,51.0
2013-05-29,79.5,54.5,64.5,87.0,86.4,54.0,61.5,87.0,85.0,53.0,60.0,87.5,87.0,51.0
2013-05-30,79.5,54.5,64.5,87.0,86.4,53.3,61.5,87.0,85.0,53.0,60.0,87.5,87.0,51.0
2013-05-31,75.5,54.0,64.4,87.0,86.4,51.5,61.5,87.0,85.0,53.0,60.0,87.5,87.0,51.0
2013-06-03,75.5,54.0,64.4,87.0,86.4,51.5,61.5,87.0,85.0,53.0,60.0,87.5,87.0,51.0
2013-06-04,72.15,53.5,61.9,87.0,85.0,51.5,61.5,87.0,85.0,53.0,60.0,87.5,87.0,51.0
2013-06-05,72.15,53.5,61.9,87.0,85.0,51.5,61.45,87.0,85.0,53.0,60.0,87.5,87.0,51.0
2013-06-06,69.0,53.5,61.9,87.0,85.0,51.5,61.45,87.0,85.0,53.0,60.0,87.5,87.0,51.0
2013-06-07,69.0,53.5,61.9,87.0,85.0,51.5,61.45,87.0,85.0,53.0,60.0,87.5,87.0,51.0
2013-06-10,69.0,53.5,61.9,87.0,85.0,51.5,61.45,87.0,85.0,53.0,60.0,87.5,87.0,51.0
2013-06-11,71.25,53.5,62.75,87.0,85.0,51.5,61.7,87.0,85.0,53.0,60.0,87.5,87.0,51.0
2013-06-12,71.9,53.5,62.75,87.0,85.0,51.5,61.7,87.0,85.0,53.0,60.0,87.5,87.0,51.0
2013-06-13,73.15,53.5,62.75,87.0,85.0,51.5,61.7,87.0,85.0,53.0,60.0,87.5,87.0,51.0
2013-06-14,73.15,53.5,62.75,87.0,85.0,51.5,61.7,87.0,85.0,53.0,60.0,84.05,83.0,51.0
2013-06-17,73.15,53.5,62.75,87.0,85.0,51.5,61.7,87.0,85.0,53.0,60.0,84.05,83.0,51.0
2013-06-18,73.0,53.5,62.75,87.0,82.4,51.5,61.7,87.0,85.0,53.0,60.0,84.05,83.0,51.0
2013-06-19,73.0,54.5,62.75,87.0,82.75,51.5,61.7,87.0,85.0,53.0,60.0,84.05,83.0,51.0
2013-06-20,70.65,54.5,62.75,86.75,82.75,51.5,61.7,87.0,85.0,53.0,60.0,84.05,83.0,51.0
2013-06-21,70.65,54.5,62.75,86.75,82.75,51.5,61.7,87.0,85.0,53.0,60.0,84.05,83.0,51.0
2013-06-24,69.0,54.5,62.75,86.75,82.75,51.5,61.7,86.9,85.0,53.0,60.0,84.05,83.0,51.0
2013-06-25,66.55,54.5,62.75,84.0,82.0,51.5,61.7,86.0,85.0,53.0,60.0,84.05,83.0,51.0
2013-06-26,66.55,54.1,61.4,83.75,82.0,51.5,61.7,86.0,83.4,53.0,60.0,84.05,83.0,51.0
2013-06-27,67.25,54.1,61.4,83.75,82.0,51.5,61.7,86.0,83.4,53.0,60.0,84.05,83.0,51.0
2013-06-28,66.0,55.1,59.5,83.75,82.0,51.5,61.7,86.0,83.4,53.0,60.0,84.05,83.0,51.0
2013-07-01,62.0,55.1,59.5,83.0,80.5,51.5,61.7,86.0,83.4,53.0,60.0,84.05,83.0,51.0
2013-07-02,58.8,52.25,59.5,82.0,80.05,51.5,61.7,86.0,83.4,53.0,60.0,84.05,83.0,51.0
2013-07-03,58.0,52.5,59.5,82.0,80.05,51.5,61.7,85.1,83.4,53.0,60.0,84.05,83.0,51.0
2013-07-04,58.0,52.5,59.0,82.0,80.05,51.5,61.7,85.1,83.4,53.0,60.0,84.05,83.0,51.0
2013-07-05,57.75,52.5,59.0,82.0,80.05,51.5,61.7,85.1,83.4,53.0,60.0,84.05,83.0,51.0
2013-07-08,57.5,51.3,58.8,82.0,79.05,51.5,61.7,85.1,83.4,53.0,60.0,84.05,83.0,51.0
2013-07-09,60.5,52.5,61.5,82.0,79.05,51.7,61.7,85.1,83.4,53.0,60.0,84.05,83.0,51.0
2013-07-10,60.5,54.5,64.65,82.0,79.05,51.7,61.7,85.1,83.4,53.0,60.0,84.05,83.0,51.0
2013-07-11,60.5,54.5,66.0,82.0,79.05,52.7,61.7,85.1,83.4,53.0,60.0,84.05,83.0,51.0
2013-07-12,64.3,58.05,72.55,82.0,79.05,52.7,61.7,85.1,83.4,53.0,60.0,84.05,83.0,51.0
2013-07-15,63.0,57.8,72.55,82.0,79.05,52.7,64.0,85.1,83.4,53.0,61.0,84.05,83.0,51.0
2013-07-16,62.55,57.8,72.55,83.0,81.0,52.7,65.35,86.0,83.4,53.0,62.3,84.05,83.0,51.0
2013-07-17,63.5,58.0,72.55,82.75,81.0,52.7,65.35,84.0,83.4,53.0,62.3,84.05,83.0,51.0
2013-07-18,63.5,58.0,72.55,82.75,81.0,52.7,65.35,84.0,83.4,53.0,62.3,84.05,83.0,51.0
2013-07-19,63.6,58.0,72.55,82.75,81.0,52.7,65.35,84.0,83.4,53.0,62.3,84.05,83.0,51.0
2013-07-22,63.6,58.0,72.55,82.75,81.0,52.7,65.35,84.0,83.4,53.0,62.3,84.05,83.0,51.0
2013-07-23,65.1,58.5,72.55,82.75,81.0,52.7,65.35,84.0,83.4,53.0,62.3,84.05,83.0,51.0
2013-07-24,64.5,58.5,73.75,82.75,81.0,54.0,65.35,84.0,83.4,53.2,62.3,86.0,83.9,51.5
2013-07-25,64.5,58.5,73.75,82.75,81.15,54.0,65.35,84.0,83.4,53.2,62.65,86.0,83.9,51.8
2013-07-26,65.0,58.5,73.75,81.0,81.15,52.75,64.7,84.0,83.4,53.2,62.65,86.0,83.9,52.0
2013-07-29,65.0,58.5,73.75,81.5,81.15,53.1,64.7,84.0,83.4,53.2,62.65,86.0,83.9,52.0
2013-07-30,66.75,61.9,73.75,82.0,81.15,54.3,66.95,85.0,84.0,53.5,63.3,86.0,83.9,52.0
2013-07-31,66.3,60.0,73.75,82.0,81.1,54.3,66.95,85.0,84.0,53.5,63.3,86.0,83.9,52.55
2013-08-01,66.3,60.0,70.75,81.5,81.1,54.3,66.95,85.0,84.0,54.0,63.3,86.0,83.9,52.55
2013-08-02,66.3,59.95,70.75,81.5,81.1,54.3,66.95,85.0,84.0,54.0,63.3,86.0,83.9,52.55
2013-08-05,66.3,59.5,70.75,81.5,81.1,54.3,66.95,85.0,84.0,54.0,63.3,86.0,83.9,52.55
2013-08-06,64.1,59.0,70.75,81.5,81.1,56.15,66.95,85.0,84.0,56.4,66.05,86.0,83.9,52.55
2013-08-07,64.1,59.0,70.75,81.5,81.1,56.15,66.95,85.0,84.0,56.4,66.05,86.0,83.9,52.55
2013-08-08,64.1,59.0,70.75,81.5,81.1,56.15,66.95,87.0,85.55,56.8,67.7,85.5,83.9,53.0
2013-08-09,63.0,59.0,70.75,81.5,81.5,56.15,67.0,86.0,85.0,57.0,67.7,85.5,83.9,53.0
2013-08-12,63.0,59.0,70.75,81.5,81.5,56.15,67.0,86.0,85.0,58.0,67.7,85.5,83.9,54.25
2013-08-13,63.0,59.5,70.75,81.5,81.5,55.5,67.0,86.0,85.0,58.0,67.7,85.5,83.9,54.25
2013-08-14,63.0,59.0,70.75,81.5,81.5,56.95,67.0,86.0,85.0,58.0,67.7,85.5,83.9,54.25
2013-08-15,63.0,59.0,70.75,81.5,81.5,56.95,67.0,86.0,85.0,58.0,67.7,85.5,83.9,54.25
2013-08-16,63.0,58.25,69.5,81.5,81.5,56.95,67.0,86.0,85.0,58.0,67.7,85.5,83.9,54.25
2013-08-19,63.0,57.4,69.5,81.5,80.5,55.5,67.0,86.0,85.0,56.7,67.7,85.5,83.9,54.0
2013-08-20,63.0,57.4,69.5,81.5,80.5,55.5,67.0,86.0,85.0,56.7,67.7,85.5,83.9,54.0
2013-08-21,63.0,57.4,69.5,81.5,80.5,55.5,67.0,86.0,85.0,57.5,67.7,85.5,83.9,54.0
2013-08-22,69.4,60.0,69.5,82.0,80.5,55.5,67.0,86.0,85.0,57.5,67.7,85.5,83.9,54.0
2013-08-23,67.7,61.75,71.65,85.6,80.5,57.55,67.0,88.0,85.0,57.5,67.7,88.1,84.0,54.0
2013-08-26,67.5,60.8,73.0,85.6,81.0,57.55,67.0,88.0,85.0,57.5,67.7,88.1,84.0,54.0
2013-08-27,66.5,60.8,71.25,85.6,81.0,57.55,67.0,88.0,85.0,57.5,68.25,88.1,84.0,54.0
2013-08-28,66.0,58.4,71.25,85.6,81.0,57.55,67.0,88.0,85.0,57.5,68.25,88.1,84.0,54.0
2013-08-29,64.75,58.4,71.25,85.6,81.0,57.55,67.0,88.0,85.0,57.5,68.25,88.1,84.0,54.0
2013-08-30,64.75,58.4,71.25,85.6,81.0,56.3,67.0,88.0,85.0,57.0,68.25,88.1,84.0,54.0
2013-09-02,64.75,58.4,71.25,85.6,81.0,56.3,67.0,88.0,85.0,57.0,68.25,88.1,84.0,54.0
2013-09-03,67.5,58.75,73.0,85.6,81.0,56.3,68.0,88.0,85.0,57.0,70.0,88.1,84.0,54.0
2013-09-04,67.5,58.75,73.0,85.6,81.0,56.3,68.0,88.0,85.0,57.0,70.0,88.1,84.0,54.0
2013-09-05,67.5,61.3,75.0,85.6,81.4,56.3,68.25,88.0,85.0,57.0,70.0,88.1,84.0,54.0
2013-09-06,67.5,58.5,74.9,85.6,81.4,56.3,68.25,88.0,85.0,57.0,68.0,88.1,84.0,54.0
2013-09-09,65.7,57.4,71.75,85.6,81.4,56.3,68.25,88.0,85.0,57.0,68.0,88.1,84.0,54.0
2013-09-10,65.4,57.1,71.75,85.6,81.4,56.3,68.25,90.0,85.0,57.0,68.0,88.1,84.0,54.0
2013-09-11,65.35,57.1,72.0,85.6,81.4,56.3,68.25,90.05,85.0,57.0,68.0,88.1,84.0,54.0
2013-09-12,65.1,57.8,72.05,85.6,81.4,56.3,68.25,90.05,85.0,57.0,68.0,88.1,84.0,54.0
2013-09-13,65.0,57.8,72.05,85.6,81.4,56.3,68.25,90.05,85.0,57.0,68.0,88.1,84.0,54.0
2013-09-16,65.0,57.8,72.2,85.6,81.4,56.3,68.25,90.05,85.0,57.0,68.0,88.1,84.0,54.0
2013-09-17,65.0,57.8,72.2,85.6,81.4,56.3,68.25,90.05,85.0,57.0,68.0,88.1,84.0,54.0
2013-09-18,65.0,60.0,72.5,85.6,81.4,56.3,68.25,90.05,85.0,57.0,68.0,88.1,84.0,54.0
2013-09-19,65.0,60.0,72.2,85.6,81.4,56.3,68.25,90.05,85.0,57.0,68.0,88.1,84.0,54.0
2013-09-20,65.0,60.0,72.2,85.6,82.0,58.6,68.25,90.05,86.0,58.7,69.8,90.3,84.4,54.0
